id_auditoria,decision,motivo,accion_v159,estado_aplicacion
EVT-ORD-0740,EXCLUIR,caso ajeno/jurisprudencia,Excluir de cronología; conservar como jurisprudencia,Auditado en NotebookLM
EVT-ORD-0741,EXCLUIR,caso ajeno/jurisprudencia,Excluir de cronología; conservar como jurisprudencia,Auditado en NotebookLM
EVT-ORD-0746,EXCLUIR,caso ajeno/jurisprudencia,Excluir de cronología; conservar como jurisprudencia,Auditado en NotebookLM
EVT-ORD-0747,EXCLUIR,caso ajeno/jurisprudencia,Excluir de cronología; conservar como jurisprudencia,Auditado en NotebookLM
EVT-ORD-0748,EXCLUIR,caso ajeno/jurisprudencia,Excluir de cronología; conservar como jurisprudencia,Auditado en NotebookLM
EVT-ORD-0867,REUBICAR,jurisprudencia de referencia: STC 90/1997,Mover a marco jurídico; no incluir en cronología personal,Auditado en NotebookLM
EVT-ORD-0743,EXCLUIR,caso ajeno/jurisprudencia,Excluir de cronología; conservar como jurisprudencia,Auditado en NotebookLM
EVT-ORD-0744,EXCLUIR,caso ajeno/jurisprudencia,Excluir de cronología; conservar como jurisprudencia,Auditado en NotebookLM
EVT-ORD-0745,EXCLUIR,caso ajeno/jurisprudencia,Excluir de cronología; conservar como jurisprudencia,Auditado en NotebookLM
EVT-ORD-0764,EXCLUIR,caso ajeno,Excluir de cronología,Auditado en NotebookLM
EVT-ORD-0662,PENDIENTE,fuente no localizada,No modificar hasta localizar fuente,Auditado en NotebookLM
EVT-ORD-0509,PENDIENTE,fuente no localizada,No modificar hasta localizar fuente,Auditado en NotebookLM
EVT-ORD-0664,PENDIENTE,fuente no localizada,No modificar hasta localizar fuente,Auditado en NotebookLM
EVT-ORD-0665,PENDIENTE,fuente no localizada,No modificar hasta localizar fuente,Auditado en NotebookLM
EVT-ORD-0510,PENDIENTE,fuente no localizada; posible duplicado EVT-ORD-0572,No modificar; marcar posible duplicado,Auditado en NotebookLM
EVT-ORD-0572,PENDIENTE,fuente no localizada; posible duplicado EVT-ORD-0510,No modificar; marcar posible duplicado,Auditado en NotebookLM
EVT-ORD-0666,PENDIENTE,fuente no localizada,No modificar hasta localizar fuente,Auditado en NotebookLM
EVT-ORD-0674,PENDIENTE,fuente no localizada,No modificar hasta localizar fuente,Auditado en NotebookLM
EVT-ORD-0680,PENDIENTE,fuente no localizada para la habilitación profesional afirmada en 1994,No usar como hecho probado hasta localizar fuente documental,Auditado en NotebookLM — FUENTE NO LOCALIZADA
EVT-ORD-0673,CORREGIR,declaración documentada en 16_ocred.txt p. 3,Sustituir por declaración atribuida a Loroño; fecha relativa al curso 2001/2002,Aplicado v159
EVT-ORD-0667,CORREGIR,hecho documentado por Inspección de Trabajo; fecha 2005,Sustituir por el incidente de examen; no fusionar con incapacidad temporal,Aplicado v159
EVT-ORD-0663,PENDIENTE,verificación insuficiente,No confirmar plaza/fecha sin localizador,Auditado en NotebookLM
EVT-ORD-0511,CORREGIR,declaración documentada; separar cartas y entrevistas de la valoración de inacción,Sustituir por redacción atribuida a Loroño con citas de 16_ocred.txt,Aplicado v159
EVT-ORD-0765,EXCLUIR,caso ajeno/jurisprudencia,Excluir de cronología; conservar como jurisprudencia,Auditado en NotebookLM
EVT-ORD-0668,CORREGIR,declaración documentada en 16_ocred.txt p. 8,Sustituir por declaración atribuida a Loroño; no tratar trabas como hecho probado,Aplicado v159
EVT-ORD-0512,PENDIENTE,fuente no localizada,No modificar hasta localizar fuente,Auditado en NotebookLM
EVT-ORD-0766,EXCLUIR,caso ajeno/jurisprudencia,Excluir de cronología; conservar como jurisprudencia,Auditado en NotebookLM
EVT-ORD-0675,CORREGIR,declaración documentada y valoración ITSS sobre el acta de 31/03/2009,Sustituir por contenido atribuido al acta; conservar valoración literal ITSS,Aplicado v159
EVT-ORD-0513,PENDIENTE,fuente no localizada,No modificar hasta localizar fuente,Auditado en NotebookLM
EVT-ORD-0669,CORREGIR,declaración documentada,Sustituir por texto auditado de Abril 2013 p.10,Pendiente de aplicar
EVT-ORD-0840,REUBICAR,marco jurídico interno y alegaciones jurídicas; no es hecho autónomo cronológico,Mover a nodo de marco jurídico interno / alegaciones jurídicas; no incluir en cronología,Auditado en NotebookLM
EVT-ORD-0634,CORREGIR,comunicación institucional documentada,Reemplazar fecha 24/03 por 23/03; conservar oferta con cita,Pendiente de aplicar
EVT-ORD-0635,CORREGIR,declaración o alegación documentada,Reemplazar fecha 06/04 por 05/04; atribuir crítica a Loroño,Pendiente de aplicar
EVT-ORD-0636,CORREGIR,declaración o alegación documentada,"Conservar como alegación de Loroño, no como hecho probado",Pendiente de aplicar
EVT-ORD-0637,CORREGIR,declaración o alegación documentada,Conservar texto literal atribuido; verificar denominación exacta del departamento,Revisión manual requerida
EVT-ORD-0638,CORREGIR,declaración o alegación documentada,Conservar como reiteración documentada de 22/06; enlazar con EVT-ORD-0637,Pendiente de aplicar
EVT-ORD-0639,CORREGIR,comunicación institucional documentada,Conservar propuesta de reunión y ERP pendiente con cita,Pendiente de aplicar
EVT-ORD-0655,CORREGIR,declaración o alegación documentada,"Separar del EVT-ORD-0635: mismo correo, afirmación distinta",Pendiente de aplicar
EVT-ORD-0727,REUBICAR,norma o marco jurídico general,Mover a marco jurídico; no cronología personal,Pendiente de aplicar
EVT-ORD-0670,CORREGIR,hecho documentado + alegación documentada,Separar votación 02/06/2011 y queja 16/06/2011; no usar “hecho probado”,Pendiente de aplicar
EVT-ORD-0653,CORREGIR,comunicación institucional documentada,Conservar tras verificar fecha de mensaje frente a cadena,Pendiente de aplicar
EVT-ORD-0654,CORREGIR,declaración o alegación documentada,"Atribuir expresamente a Loroño las alegaciones, incluida falsificación",Pendiente de aplicar
EVT-ORD-0652,CORREGIR,declaración o alegación documentada,"Conservar correo 02/06/2012, atribuyendo auditoría selectiva a Loroño",Pendiente de aplicar
EVT-ORD-0587,PENDIENTE,fuente no localizada,No aplicar hasta localizar circular original de 20/11/2012,Auditado en NotebookLM
EVT-ORD-0514,CORREGIR,comunicación institucional + alegación documentada,Separar cierre Aldezle 14/01/2013 de alegaciones posteriores,Pendiente de aplicar
EVT-ORD-0792,EXCLUIR,caso ajeno/norma en jurisprudencia externa,Excluir de cronología; conservar solo si se precisa referencia jurídica,Pendiente de aplicar
EVT-ORD-0551,CONFIRMADO,"Informe BETEK 7051SM15, 11-03-2015; 25 equipos acreditados por documento original","Mantener como documento técnico existente, no como hecho probado",Auditado NotebookLM
EVT-ORD-0618,CONFIRMADO,Resolución 14-03-2016 acredita relación definitiva de aspirantes F928,Mantener como comunicación institucional documentada,Auditado NotebookLM
EVT-ORD-0717,CORREGIR,Solo alegación de Loroño; sin fecha completa acreditada,Atribuir a Loroño y mantener fecha 2016-XX-29,Auditado NotebookLM
EVT-ORD-0718,PENDIENTE,FUENTE_NO_LOCALIZADA — No se ha localizado el documento original que sustenta esta entrada. No puede usarse como hecho probado hasta encontrar y citar la fuente.,No incorporar como hecho probado hasta localizar fuente,Decidido v009
EVT-ORD-0719,CORREGIR,Denuncia de Loroño sobre difusión de informe médico,Atribuir expresamente a Loroño; no tratar como hecho probado,Auditado NotebookLM
EVT-ORD-0720,CORREGIR,Denuncia de Loroño por presunta usurpación de identidad y uso GAUR,Atribuir a Loroño; no afirmar falsificación como hecho probado,Auditado NotebookLM
EVT-ORD-0721,CORREGIR-PARCIAL,Correo 18-06-2019 y proyectos localizados; bloqueos son relato de Loroño,Atribuir proyectos y bloqueos a Loroño salvo prueba externa,Auditado NotebookLM
EVT-ORD-0722,CONFIRMADO,Informe Ugalde 07-11-2019 acredita solicitud de incorporación voluntaria 11-07-2019 y baja 01-08-2019,Mantener con fuente médica y fecha del informe,Auditado NotebookLM
EVT-ORD-0723,CORREGIR,Correo Loroño 21-09-2020 sobre licencia y MUFACE,Clasificar declaración documentada; no fusionar con 0724,Auditado NotebookLM
EVT-ORD-0724,CORREGIR,Correo Loroño 14-09-2020 sobre licencia y MUFACE,Clasificar declaración documentada; no fusionar con 0723,Auditado NotebookLM
EVT-ORD-0725,CORREGIR,Alegación de Loroño sobre plaza bilingüe de Manuel Clemente,Atribuir a Loroño; no afirmar irregularidad sin prueba de perfil y acreditación,Auditado NotebookLM
EVT-ORD-0726,CORREGIR,Alegación de Loroño; localizador verificado en 47_ocred.txt,Clasificar declaración o alegación documentada,Auditado NotebookLM
EVT-ORD-0755,EXCLUIR,Caso ajeno Hertz/Maribel,Excluir de cronología Loroño,Auditado NotebookLM
EVT-ORD-0698,CORREGIR,Alegación de Loroño sobre usurpación y actas,Atribuir a Loroño; no hecho probado,Auditado NotebookLM
EVT-ORD-0699,CORREGIR,Alegación de Loroño sobre represalias a estudiante,Atribuir a Loroño; no hecho probado,Auditado NotebookLM
EVT-ORD-0644,CORREGIR-PARCIAL,"Cita acredita acusaciones y petición de comprobación, no trabajo externo ni ausencias",Limitar a acusaciones de Loroño,Auditado NotebookLM
EVT-ORD-0645,CORREGIR,Alegación sobre plaza bilingüe,Atribuir a Loroño,Auditado NotebookLM
EVT-ORD-0809,CORREGIR,Alegación en recurso 2026 sobre curso 2023-24,Atribuir a Loroño,Auditado NotebookLM
EVT-ORD-0700,CORREGIR,Alegación de persistencia de bloqueo de accesos; sin fecha anual cerrada,Eliminar fecha 2024 cerrada,Auditado NotebookLM
EVT-ORD-0713,CORREGIR,Alegación sobre OPE y méritos de Saiz,Atribuir a Loroño,Auditado NotebookLM
EVT-ORD-0815,CORREGIR-PARCIAL,Mensajes acreditados 23-09-2025 y 20-02-2026,"Eliminar fecha 26-06-2025, hospitalización, escolta y cinco alumnos",Auditado NotebookLM
EVT-ORD-0816,CORREGIR,Relato de Loroño que cita comunicaciones CPU,No tratar como confirmación autónoma,Auditado NotebookLM
EVT-ORD-0817,EXCLUIR,CASO_AJENO — Sentencia 361/2012 sobre conflicto en la Mancomunidad de las Encartaciones. Hechos de Doña María / Mancomunidad; caso ajeno a Loroño.,Excluir de cronología personal; conservar como jurisprudencia comparativa si procede,Decidido v009
EVT-ORD-0818,EXCLUIR,CASO_AJENO — Informe Sanz&Sainz para la Mancomunidad sobre acoso laboral. Procedimiento administrativo de terceros; caso ajeno a Loroño.,Excluir de cronología personal; no tiene valor jurisprudencial directo,Decidido v009
EVT-ORD-0819,EXCLUIR,CASO_AJENO — Denuncia penal de Doña María contra la secretaria de la Mancomunidad y sentencia por injurias. Caso judicial ajeno a la UPV/EHU y a Loroño.,Excluir de cronología personal; caso ajeno sin analogía directa aplicable,Decidido v009
EVT-ORD-0820,PENDIENTE,Fuente no localizada,No usar hasta localizar fuente,Auditado NotebookLM
EVT-ORD-0821,EXCLUIR,Jurisprudencia ajena citada en resolución UPV/EHU,Excluir cronología; conservar referencia de resolución,Auditado NotebookLM
EVT-ORD-0824,EXCLUIR,Caso García Ortiz,Excluir de cronología Loroño,Auditado NotebookLM
EVT-ORD-0825,EXCLUIR,Caso García Ortiz,Excluir de cronología Loroño,Auditado NotebookLM
EVT-ORD-0826,EXCLUIR,Caso García Ortiz,Excluir de cronología Loroño,Auditado NotebookLM
EVT-ORD-0827,EXCLUIR,Caso García Ortiz,Excluir de cronología Loroño,Auditado NotebookLM
EVT-ORD-0828,EXCLUIR,Caso García Ortiz,Excluir de cronología Loroño,Auditado NotebookLM
EVT-ORD-0829,EXCLUIR,Caso García Ortiz,Excluir de cronología Loroño,Auditado NotebookLM
EVT-ORD-0822,CONFIRMADO,Acto administrativo de 14-01-2022: medida cautelar de evitar coincidencia; tutorías y sustituto solo alegados posteriormente,Mantener acto administrativo documentado; separar medida literal y ejecución alegada,Auditado NotebookLM
EVT-ORD-0823,CORREGIR-PARCIAL,ITSS 30-10-2012 dice que comportamiento de algunas personas no fue correcto; detalles del examen de 2005 son alegación de Loroño,"Atribuir a Loroño cambio de fecha, acusación, disculpa e inacción; citar valoración literal ITSS",Auditado NotebookLM
EVT-ORD-0835,CORREGIR-PARCIAL,"resolución de 14-01-2022 acreditada; encargo a Gerenabarrena, plazo, apercibimiento y valoraciones son alegaciones de Loroño","Mantener resolución y medidas cautelares; atribuir a Loroño información reservada, falta de notificación, resultado sancionador e indefensión alegada",Auditado en NotebookLM
EVT-ORD-0842,CONFIRMADO,solicitud de 23-06-2025 documentada; origen laboral común de IT es alegación de Loroño,Mantener como hito administrativo de inicio de expediente; atribuir a Loroño el origen laboral alegado,Auditado en NotebookLM
EVT-ORD-0845,CONFIRMADO (COMO ALEGACIÓN),"escrito de Loroño documentado; alteración de actas, habilitaciones y contrataciones no acreditadas autónomamente",Clasificar como declaración o alegación documentada,Auditado en NotebookLM
EVT-ORD-0846,EXCLUIR,jurisprudencia comparativa externa: STSJ Asturias 1121/2024,Excluir de cronología; conservar solo como jurisprudencia comparativa,Auditado en NotebookLM
EVT-ORD-0847,CORREGIR-PARCIAL,informe ITSS 30-10-2012 y denuncia IP-107-2018 acreditados; instrucción sobre IT y expedientes sin respuesta son relato de Loroño,Mantener denuncia como comunicación documentada; atribuir a Loroño la interpretación de la actuación inspectora,Auditado en NotebookLM
EVT-ORD-0850,CONFIRMADO,Sentencia 187/2022 y STSJ PV 299/2023 acreditan nulidad e indefensión material,Mantener como hecho judicial documentado; excluir imputaciones por prevaricación e intrusismo,Auditado en NotebookLM
EVT-ORD-0851,PENDIENTE,borrador de denuncia dirigido al Rector sin justificante de registro de entrada,No usar como denuncia presentada hasta localizar justificante; conservar solo como escrito redactado,Auditado en NotebookLM
EVT-ORD-0852,PENDIENTE,borrador de denuncia penal de 18-04-2026 sin justificante de presentación,Clasificar como escrito redactado; no consta presentación formal,Auditado en NotebookLM
EVT-ORD-0853,PENDIENTE,borrador de reclamación AVPD sin registro de entrada; distinto de EVT-ORD-0808,Clasificar como escrito redactado; no consta presentación de esta versión específica,Auditado en NotebookLM
EVT-ORD-0854,PENDIENTE,borrador de denuncia administrativa al Rector sin registro de entrada,Clasificar como escrito redactado; no consta presentación formal,Auditado en NotebookLM
EVT-ORD-0855,CONFIRMADO (COMO ALEGACIÓN),escritos registrados recogen relato de Loroño sobre visita preventiva de 2021,Mantener como declaración o alegación documentada,Auditado en NotebookLM
EVT-ORD-0856,CORREGIR-PARCIAL,periodo IT incluido en solicitud registrada 27-11-2019; diagnóstico y origen laboral son pretensión,"Atribuir periodo, diagnóstico y nexo causal al contenido de la solicitud",Auditado en NotebookLM
EVT-ORD-0857,CORREGIR-PARCIAL,segundo periodo IT incluido en solicitud registrada 27-11-2019,Atribuir fechas y origen laboral al contenido de la solicitud,Auditado en NotebookLM
EVT-ORD-0858,CORREGIR-PARCIAL,tercer periodo IT incluido en solicitud registrada 27-11-2019,Atribuir fechas y origen laboral al contenido de la solicitud,Auditado en NotebookLM
EVT-ORD-0859,CORREGIR-PARCIAL,cuarto periodo IT reclamado en 2019; asistencia psiquiátrica consta separadamente,Mantener asistencia especializada acreditada; atribuir baja y nexo a la solicitud,Auditado en NotebookLM
EVT-ORD-0860,CORREGIR-PARCIAL,quinto periodo IT en solicitud registrada de 2019; nexo laboral controvertido,Mantener periodo y solicitud; atribuir causalidad y valoración del conflicto a Loroño,Auditado en NotebookLM
EVT-ORD-0861,CORREGIR-PARCIAL,periodo IT incluido en solicitud registrada de 23-06-2025,Atribuir diagnóstico y origen laboral al contenido de la solicitud,Auditado en NotebookLM
EVT-ORD-0862,CORREGIR-PARCIAL,segundo periodo IT incluido en solicitud de 23-06-2025,Atribuir a Loroño la vinculación con estrés laboral,Auditado en NotebookLM
EVT-ORD-0863,CORREGIR-PARCIAL,tercer periodo IT incluido en solicitud de 23-06-2025,Mantener relación temporal con resolución de 14-01-2022; atribuir causalidad a Loroño,Auditado en NotebookLM
EVT-ORD-0864,CORREGIR-PARCIAL,cuarto periodo IT incluido en solicitud de 23-06-2025,Atribuir origen profesional a la pretensión del interesado,Auditado en NotebookLM
EVT-ORD-0865,REUBICAR,jurisprudencia citada: STC 202/1999,Mover a marco jurídico; atribuir subsunción del caso a Loroño,Auditado en NotebookLM
EVT-ORD-0866,REUBICAR,jurisprudencia citada: STC 196/2004,Mover a marco jurídico; atribuir aplicación al caso a Loroño,Auditado en NotebookLM
EVT-ORD-0790,EXCLUIR,"CASO_AJENO — Decreto de la Mancomunidad que ordena acatar sentencia sobre ocupación efectiva de Herminia y la nombra secretaria-interventora en funciones. Hechos administrativos de Herminia, no de Loroño.",Excluir de cronología personal; conservar como jurisprudencia comparativa en apartado separado,Decidido v009
EVT-ORD-0791,EXCLUIR,CASO_AJENO — Sentencia TSJPV 1050/2014 (Recurso 875/2014) sobre Herminia vs. Mancomunidad de las Encartaciones; cuantifica daños físico/morales. Litigio de tercera persona.,Excluir de cronología personal; conservar como jurisprudencia comparativa sobre daños en acoso,Decidido v009
EVT-ORD-0501,CONFIRMAR,"[HECHO_PROPIO] Correo Loroño a Aldezle/Henares 18/01/2022. NOTA: el grafo dice ""confirma baja médica"" pero el doc dice ""temo que cuando vaya al médico me pongan de baja"" — es temor antes de la baja, no confirmación. Diferencia menor; hecho propio verificado.","Incorporar con matiz: ""temía que le pusieran de baja""; no ""confirmó baja""",Auditado NbLM lote1 — FIABLE
EVT-ORD-0502,PENDIENTE,[FUENTE_NO_LOCALIZADA] Correo 20/02/2022 a Alberto López no localizado en 101_ocred_merged.txt. Consta justificante de notificación del 10/02/2022 pero no el contenido del correo del día 20.,Localizar 101_ocred_merged.txt y verificar fecha y destinatarios antes de usar,Auditado NbLM lote1 — FIABLE
EVT-ORD-0515,CORREGIR,"[HECHO_PROPIO] Fecha incorrecta: debe ser 2012 (no 2013). Además, la auditoría de UGAs y la congelación de cuentas figura como ALEGACIÓN de Loroño, no como orden administrativa probada: el doc acredita que Loroño alega que el encargo vino de una queja de 2010, pero no consta la orden original de Unzilla.","Corregir fecha a 2012. Redactar como ""Loroño alega que Unzilla ordenó auditoría UGAs"" no como hecho probado",Auditado NbLM lote1 — FIABLE
EVT-ORD-0517,CORREGIR,"[HECHO_PROPIO] Fecha del grafo (2019-06-01) no coincide con la evidencia documental: el lote acredita denuncia de sept 2020 sobre asignación a Clemente en GAUR (""alguien con acceso al GAUR ha grabado a Manuel Clemente como profesor""). Debe redactarse como denuncia de Loroño sobre alteración del encargo docente, no como hecho administrativo probado.","Corregir fecha a sept 2020. Redactar como denuncia de Loroño sobre alteración GAUR, no como decisión de Basterretxea probada",Auditado NbLM lote1 — FIABLE
EVT-ORD-0522,CORREGIR,"[HECHO_PROPIO] Error de emisor: el documento es un correo DE Loroño A MUFACE (10/09/2020), no una comunicación de MUFACE a Loroño. La fecha en el grafo (2020-09-21) también es incorrecta: el doc es del 10/09/2020.",Corregir: Loroño escribe A MUFACE el 10/09/2020 consultando normativa de recaídas tras los 730 días de IT,Auditado NbLM lote1 — FIABLE
EVT-ORD-0523,PENDIENTE,[FUENTE_NO_LOCALIZADA] 43_ocred.txt en el lote es un correo de Loroño a la Aldezle (21/09/2020) sobre alteración del encargo docente. No contiene comunicación de Katrin Iturrate ni confirmación de la ITSS. Fuente incorrecta para este evento.,Localizar el documento correcto que acredite la confirmación de Iturrate antes de usar,Auditado NbLM lote1 — FIABLE
EVT-ORD-0503,CORREGIR-PARCIAL,"[HECHO_PROPIO] Cabecera del correo CONFIRMADA en [237-287_compressed_ocred.pdf] pág.261: ""De: Iñaki Loroño lucena Para: aldezle@ehu.eus Fecha: lunes, 2 de mayo de 2022, 11:42 CEST. Asunto: Re: Recomendación Aldezle Dep CCTT Navegación"". El cuerpo íntegro no se visualiza en el extracto. La escolta de guardas queda acreditada contextualmente: pág.257 (16/02/2022) Loroño dice literalmente ""el SP (César Saiz) me ha puesto protección con guardas de seguridad los días que doy clase""; ratificado por Henares/UGT en pág.237 (26/01/2022). CORRECCIÓN: el documento fuente real es 237-287_compressed_ocred.pdf (Lote_014), no 104_ocred_merged.txt como indicaba el grafo.",Corregir fuente: 237-287_compressed_ocred.pdf pág.261. El hecho central (escolta no comunicada) está acreditado contextualmente en págs.237 y 257. Cuerpo exacto del correo 02/05/2022 pendiente de visualización completa pero el encabezado y la fecha quedan confirmados.,CORREGIR-PARCIAL — cuaderno2 reverif
EVT-ORD-0504,CONFIRMAR,"[HECHO_PROPIO] CONFIRMADO. Correo Loroño 02/05/2022 10:11 CEST a Zurimendi, Recart, Ferreira, Saiz, Aldezle, Bilbao. Cita literal verificada: ""El secretario y director del departamento siguen negándose a entregar la documentación solicitada hace un año, como son las actas, convocatorias, documentación, cambio de área de conocimiento de Iranzu Sotés, grabaciones de las sesiones del consejo, etc.""","Incorporar con cita literal verificada. Fuente: 109_ocred.txt, Lote_015",CONFIRMADO NbLM reverif3
EVT-ORD-0505,PENDIENTE,"[HECHO_PROPIO] PENDIENTE confirmado (cuaderno B limpio, sin CSV). 10_ocred_merged.txt revisado íntegramente: la correspondencia más reciente es del 23/08/2011. No consta ningún correo de septiembre 2011 sobre urgencia de medidas cautelares ni plazos del protocolo. Los correos sobre medidas cautelares en ese archivo son de mayo y junio 2011. El correo de sept 2011 puede estar en otro archivo del Lote_004 no examinado.",No usar como hecho probado con esta fuente. Buscar en otros archivos del Lote_004 (14_ocred_merged.txt u otros) o marcar como ALEGACIÓN hasta localizar el documento.,PENDIENTE confirmado — cuaderno B limpio (sin CSV)
EVT-ORD-0506,CONFIRMAR,"[HECHO_PROPIO] CONFIRMADO (nota: NbLM etiquetó este evento como EVT-ORD-0505 en su respuesta, pero el contenido coincide exactamente con EVT-ORD-0506). Correo Loroño 14/05/2022 08:15 CEST. Acredita que el día anterior (13/05/2022) el Secretario General Aitor Zurimendi manifestó en reunión presencial a Loroño y Miguel Henares que ""las actas solicitadas y su documentación ya habían sido entregadas además de todo lo demás solicitado"". Loroño rebate esta afirmación citando su correo del 2 de mayo.","Incorporar con cita literal verificada. Fuente: 110_ocred.txt, Lote_015",CONFIRMADO NbLM reverif3 (corregido error de ID en respuesta NbLM)
EVT-ORD-0507,CONFIRMAR,"[HECHO_PROPIO] CONFIRMADO. Denuncia formal ""Nueva denuncia por acoso laboral"" dirigida a Rectora y autoridades. Firmada electrónicamente por Iñaki Loroño Lucena el 16/03/2023 a las 08:23:35. ID documento verificado exacto: 95+Vi0IkaFi5PIXVchNUdqMg9Tw=","Incorporar como hecho propio documentado con firma electrónica verificada. Fuente: 113.1_ocred.txt, Lote_017",CONFIRMADO NbLM reverif3
EVT-ORD-0508,CORREGIR,"[HECHO_PROPIO] CORREGIR — el grafo describe intercambio directo con Carmen Ikaran. Lo que realmente consta es una referencia INDIRECTA en el informe oficial del Aldezle ([0-60__ocred.txt] pág.69 / [0-60__ocred.pdf] pág.20). El Aldezle cita literalmente: ""tampoco tú pusiste ningún Recurso, cosa que, según le dices en un correo de fecha 2/11/2011 a Iñigo Apellaniz, era lo que Carmen Ikaran te había dicho que hicieras."" Esto acredita: (1) existe un correo de Loroño a Apellaniz del 02/11/2011; (2) en ese correo Loroño menciona que Ikaran le dijo no poner recurso; (3) el correo directo con Ikaran no está en los extractos. La fuente real es el informe del Aldezle, no 14_ocred_merged.txt.","Corregir: hecho acreditado indirectamente vía informe Aldezle (pág.69). Cambiar descripción: ""El Aldezle acredita la existencia de un correo de Loroño a Apellaniz del 02/11/2011 donde se menciona que Carmen Ikaran le indicó no interponer recurso contra la exclusión del máster.""",CORREGIR — verificado indirectamente cuaderno2
EVT-ORD-0516,CORREGIR,"[HECHO_PROPIO] CORREGIR x2. (1) El correo del 28/03/2019 08:02 NO va a Pedro Iriondo sino AL ALDEZLE (CC: José Ramón Vega). Fuente: [0-60__ocred.txt] pág.83: ""De: Iñaki Loroño Lucena Para: Aldezle CC: JOSE RAMON VEGA Asunto: RE: Situación desesperada de Iñaki Loroño"". (2) Pedro Iriondo NO era Vicerrector de PDI sino SECRETARIO GENERAL de la UPV/EHU. Acreditado por convocatoria de la reunión del 22/03/2019 (pág.80): ""reunión informativa el viernes 22 de marzo a las 11:00 [...] para estar con el Secretario General D. Pedro Iriondo"". El correo directo a Iriondo del 28/03 pidiendo respuesta escrita NO se localiza en los extractos.","Corregir grafo: (1) el correo 28/03/2019 va al Aldezle, no a Iriondo; (2) Pedro Iriondo era Secretario General, no Vicerrector de PDI. La reunión del 22/03/2019 con Iriondo queda acreditada por convocatoria en pág.80. Verificar si existe un correo separado a Iriondo o si el grafo confundió el destinatario.",CORREGIR — dos errores detectados cuaderno2
EVT-ORD-0518,CORREGIR,[HECHO_PROPIO] El doc (28_ocred.txt) describe el correo de César Saiz a Loroño del 10/10/2019 (oferta examen salud + aviso sobre protocolo de acoso). La afirmación del grafo describe el reenvío de Loroño a Bilbao/Balluerka al día siguiente (11/10/2019). Son dos eventos consecutivos de la misma cadena. El grafo describe el segundo; el doc de NbLM acredita el primero. Corregir para distinguir ambos o indicar que la fuente cubre el contexto.,Corregir: distinguir el correo de Saiz (10/10/2019) del reenvío de Loroño (11/10/2019); citar ambos si procede,Auditado NbLM lote1 — REQUIERE RE-VERIFICACIÓN (ID mismatch en 2ª entrega NbLM)
EVT-ORD-0519,CONFIRMAR,"[HECHO_PROPIO] CONFIRMADO. Cita literal verificada en 39_ocred.txt (Lote_010): ""Ayer hablé con ustedes sobre mi situación (Iñaki Loroño Lucena 11924988V) y me informaron que llegaba a los 730 días de baja por la misma patología el 14 del presente. Actualmente mi médico me ha extendido una baja de un mes (27/09/2020) que lógicamente supera la fecha del 24."" CORRECCIÓN: el grafo indica que la fecha es 10/09/2020 pero la cita dice ""ayer hablé... me informaron que llegaba el 14 del presente"" — coherente con el 10/09 si el día anterior fue el 09/09. Fecha del grafo correcta.","Incorporar con cita literal verificada. Fuente: 39_ocred.txt, Lote_010.",CONFIRMADO — cuaderno B limpio (sin CSV)
EVT-ORD-0520,CONFIRMAR,"[HECHO_PROPIO] CONFIRMADO. Cita literal verificada en 40_ocred.txt (Lote_010): ""El 24-02-2020 interpuse denuncia en la Inspección de Trabajo de Bizkaia. He llamado para interesarme por la misma y no son capaces de encontrarla ya que la registré en la Agencia Tributaria. Me han dicho que mandase copia por correo para poder darme información sobre la misma."" Confirma exactamente lo que describe el grafo.","Incorporar con cita literal verificada. Fuente: 40_ocred.txt, Lote_010.",CONFIRMADO — cuaderno B limpio (sin CSV)
EVT-ORD-0521,CORREGIR,"[HECHO_PROPIO] CORREGIR. 42_ocred.txt no localizado como correo de Loroño a Iturrate. Lo que SÍ consta el 16/09/2020 es distinto: [107adjunto-142_ocred.txt] pág.98 acredita que ESE DÍA la UPV informó a la Inspectora de que estaba planificando la reincorporación (comunicación de la empresa, no de Loroño). Las llamadas de Clemente a domicilio durante la baja sí están acreditadas en [321-367_ocred.pdf] pág.328 (Loroño las identifica como prueba: ""Llamada de Manuel Clemente De Miguel (28/10/2019) a mi casa mientras estaba de baja. Me insulta y me grita""). Corrección: el hecho ""Loroño denuncia amenazas a Iturrate el 16/09/2020"" no está acreditado como tal; lo que hay es (1) actuación inspectora de la UPV ante ITSS ese día, y (2) las llamadas amenazantes acreditadas en otro doc.",Reformular: separar dos hechos distintos: (A) 16/09/2020 UPV informa a ITSS de planificación de reincorporación [pág.98]; (B) amenazas de Clemente por teléfono durante baja (28/10/2019) acreditadas en [321-367_ocred.pdf] pág.328.,CORREGIR — cuaderno2 tanda2
EVT-ORD-0671,CORREGIR-PARCIAL,"[HECHO_PROPIO] Reuniones de auditoría UGAs, primavera 2013 (Lote_005). El auditor Manuel Rey reconoce falta de notificación oficial a Loroño y delega responsabilidad en Felisa Chinchetru (jefa del servicio). La frase ""sabían que había algo turbio"" es percepción de Loroño, no cita textual documentada.","Redactar como: ""En primavera 2013 el auditor Manuel Rey reconoce la falta de notificación; Loroño alega resistencia de los auditores a ejecutar la orden por irregularidades detectadas."" Eliminar la frase literal no acreditada.",Auditado NbLM reverif — fuente Lote_005
EVT-ORD-0672,CORREGIR-PARCIAL,"[HECHO_PROPIO] Segunda reunión de auditoría UGAs, primavera 2013. Mismo bloque que EVT-ORD-0671. Manuel Rey reconoce ante Loroño que no se le había notificado el procedimiento. Felisa Chinchetru identificada como responsable de la omisión.",Fusionar con EVT-ORD-0671 o mantener como evento separado indicando que es continuación. Redactar sin citas literales no verificadas.,Auditado NbLM reverif — fuente Lote_005
EVT-ORD-0712,CONFIRMAR,"[HECHO_PROPIO] El Vicerrector Efrén Areskurrinaga reconoce el 16/12/2025 ante la Delegada de Protección de Datos haber accedido y utilizado el informe psiquiátrico IMQ de 2018 (de un expediente anterior EAC-1) para fundamentar su resolución de 2025, alegando que su cargo le facultaba. Esto contradice STC 202/1999 y art. 22 LPRL (acceso limitado a personal médico).",Mantener como hecho probado. Es un elemento clave: el propio Areskurrinaga admite el acceso al historial médico. Vincular a la vulneración de protección de datos y al uso ilícito del informe IMQ.,Auditado NbLM reverif — fuente Lote_039 + Lote_032
EVT-ORD-0524,PENDIENTE,[HECHO_PROPIO] PENDIENTE. 45_ocred.txt encontrado en Lote_010 (trata alteración encargo docente y Secretario General/actas) pero sin el texto específico sobre GAUR/Clemente/Basterretxea. Ese texto aparece en 50_ocred.txt según el cuaderno.,Cambiar fuente a 50_ocred.txt para el contenido de GAUR/Clemente/Basterretxea.,PENDIENTE — cuaderno A lote2
EVT-ORD-0528,PENDIENTE,"[HECHO_PROPIO] PENDIENTE. 51_ocred.txt no disponible en Lote_007 (solo constan 28, 58 y 33 en ese lote).",Localizar 51_ocred.txt en otro lote.,PENDIENTE — cuaderno A lote2
EVT-ORD-0529,PENDIENTE,[HECHO_PROPIO] PENDIENTE. 51_ocred.txt no disponible en Lote_007.,Localizar 51_ocred.txt en otro lote.,PENDIENTE — cuaderno A lote2
EVT-ORD-0532,PENDIENTE,[HECHO_PROPIO] PENDIENTE. 54_ocred.txt no disponible en los extractos de Lote_010.,Localizar 54_ocred.txt en otro lote.,PENDIENTE — cuaderno A lote2
EVT-ORD-0533,CORREGIR,"[HECHO_PROPIO] CORREGIR. Archivo 56_ocred.txt está en Lote_011, no Lote_010. Cita literal verificada: ""Por lo tanto, antes de tener una reunión, es necesario, me envíes la documentación por escrito de las conclusiones de las actuaciones solicitadas así como de las denuncias, propuestas, temas pendientes y demás puntos citados.""","Corregir lote: Lote_011, no Lote_010. Fuente: 56_ocred.txt. Cita literal verificada.",CORREGIR lote — cuaderno A lote2
EVT-ORD-0534,PENDIENTE,"[HECHO_PROPIO] PENDIENTE. 56_ocred.txt en Lote_011 menciona reincorporación sin apto médico y licencias pendientes pero la palabra ""vergonzosas"" no aparece literalmente. Lote correcto es Lote_011 no Lote_010.","Corregir lote a Lote_011. Cambiar ""vergonzosas"" por paráfrasis o localizar cita exacta.",PENDIENTE — cuaderno A lote2
EVT-ORD-0535,PENDIENTE,"[HECHO_PROPIO] PENDIENTE. 56_ocred.txt (Lote_011) cubre solo mediados de noviembre 2020, no llega al 03/12/2020.",Buscar el correo del 03/12/2020 en otro archivo del Lote_011.,PENDIENTE — cuaderno A lote2
EVT-ORD-0536,CORREGIR,"[HECHO_PROPIO] CORREGIR. El archivo 62_ocred.txt no figura en los extractos. La información está en 64_ocred.txt (Lote_011). Nombre completo verificado: Dr. José Ramón González Borrego, Médico de Trabajo del SP (Área de Salud).","Corregir fuente: 64_ocred.txt, Lote_011. Añadir nombre completo: José Ramón González Borrego, Médico de Trabajo SP.",CORREGIR fuente — cuaderno A lote2
EVT-ORD-0537,PENDIENTE,[HECHO_PROPIO] PENDIENTE. 72_ocred.txt no localizado en los extractos disponibles.,Localizar 72_ocred.txt en otro lote.,PENDIENTE — cuaderno A lote2
EVT-ORD-0540,CORREGIR,"[HECHO_PROPIO] CORREGIR x2. (1) Archivo correcto: 83_ocred.txt, no 82_ocred.txt. (2) Hora correcta: 10:02, no 10:01. Cita literal verificada: ""Vengo del hospital y me dicen que no saben que pueden hacer en mi caso, porque es puramente de alto riesgo psicosocial y que es la empresa la obligada a poner solución con urgencia.""",Corregir fuente: 83_ocred.txt (no 82). Corregir hora: 10:02. Cita literal verificada.,CORREGIR fuente y hora — cuaderno A lote2
EVT-ORD-0541,CONFIRMAR,"[HECHO_PROPIO] CONFIRMADO. 84_ocred.txt, Lote_013, 11/06/2021 13:37. Cita literal: ""Le agradezco que me haya escrito pero le solicito que me conteste a todas las cuestiones, no solo a algunas... No se trata de adelantar o postergar nada, se trata de que necesito una solución YA.""","Incorporar con cita literal verificada. Fuente: 84_ocred.txt, Lote_013.",CONFIRMADO — cuaderno A lote2
EVT-ORD-0542,CONFIRMAR,"[HECHO_PROPIO] CONFIRMADO. 85_ocred.txt, Lote_013, 16/06/2021 11:50. Cita literal: ""También sigo sin recibir las actas y documentación solicitada y el asunto del txistu igual que siempre ¿Qué va a hacer para solucionar esto?""","Incorporar con cita literal verificada. Fuente: 85_ocred.txt, Lote_013.",CONFIRMADO — cuaderno A lote2
EVT-ORD-0543,PENDIENTE,[HECHO_PROPIO] PENDIENTE. 86_ocred.txt existe en Lote_013 pero el extracto no muestra la fecha 07/06/2021 ni el texto literal sobre asignación a Aulas de la Experiencia como vaciamiento funcional.,Verificar si el extracto es incompleto o si el contenido está en otro archivo.,PENDIENTE — cuaderno A lote2
EVT-ORD-0525,PENDIENTE,[HECHO_PROPIO] PENDIENTE — no respondido en lote2 cuaderno A.,Incluir en siguiente lote de preguntas.,PENDIENTE — no respondido lote2
EVT-ORD-0526,PENDIENTE,[HECHO_PROPIO] PENDIENTE — no respondido en lote2 cuaderno A.,Incluir en siguiente lote de preguntas.,PENDIENTE — no respondido lote2
EVT-ORD-0527,PENDIENTE,[HECHO_PROPIO] PENDIENTE — no respondido en lote2 cuaderno A.,Incluir en siguiente lote de preguntas.,PENDIENTE — no respondido lote2
EVT-ORD-0530,PENDIENTE,[HECHO_PROPIO] PENDIENTE — no respondido en lote2 cuaderno A.,Incluir en siguiente lote de preguntas.,PENDIENTE — no respondido lote2
EVT-ORD-0531,PENDIENTE,[HECHO_PROPIO] PENDIENTE — no respondido en lote2 cuaderno A.,Incluir en siguiente lote de preguntas.,PENDIENTE — no respondido lote2
EVT-ORD-0538,PENDIENTE,[HECHO_PROPIO] PENDIENTE — no respondido en lote2 cuaderno A.,Incluir en siguiente lote de preguntas.,PENDIENTE — no respondido lote2
EVT-ORD-0539,PENDIENTE,[HECHO_PROPIO] PENDIENTE — no respondido en lote2 cuaderno A.,Incluir en siguiente lote de preguntas.,PENDIENTE — no respondido lote2
EVT-ORD-0544,CORREGIR,"[HECHO_PROPIO] CORREGIR. Fuente correcta: 170_ocred.txt, Lote_015 (no 88_ocred.txt). Cita literal verificada: ""Al copiar el texto al correo he detectado dos errores que quiero subsanar. a) El texto del artículo 135 de los estatutos de la UPV/EHU no se ha copiado en el correo [...] b) El departamento donde se están haciendo las evaluaciones de riesgos psicosociales (las que se me niega con justificaciones absurdas) es: departamento de ESPECIALIDADES MEDICO QUIRURGICAS.""","Corregir fuente: 170_ocred.txt, Lote_015. Cita literal verificada. Fecha y hora correctas (03/07/2021 08:17).",CORREGIR fuente — cuaderno A lote3
EVT-ORD-0553,PENDIENTE,"[HECHO_PROPIO] PENDIENTE. 119_ADJUNTO_unlocked_ocred.txt (Lote_016) localizado: menciona evaluación ISTAS21 pero sin el porcentaje específico del 16,4% de participación en la primera pasación.","Localizar el % 16,4 en otro extracto del mismo documento.",PENDIENTE — cuaderno A lote3
EVT-ORD-0554,PENDIENTE,"[HECHO_PROPIO] PENDIENTE. 119_ADJUNTO_unlocked_ocred.txt (Lote_016) localizado pero sin el porcentaje del 11,3% de participación en la segunda pasación.","Localizar el % 11,3 en otro extracto del mismo documento.",PENDIENTE — cuaderno A lote3
EVT-ORD-0555,CONFIRMAR,"[HECHO_PROPIO] CONFIRMADO. 119_ADJUNTO_unlocked_ocred.json, Lote_016, 30/06/2022. Cita literal: ""tratados por parte de SGS de manera confidencial, y contrastados en los Círculos de Prevención (Ver Informe del Anexo IV y Anexo VII)"".","Incorporar. Fuente: 119_ADJUNTO_unlocked_ocred.json, Lote_016.",CONFIRMADO — cuaderno A lote3
EVT-ORD-0556,PENDIENTE,[HECHO_PROPIO] PENDIENTE. 120_ocred.txt/.json no disponible en los 40 lotes analizados.,Localizar 120_ocred en cuaderno B (640 docs).,PENDIENTE — cuaderno A lote3
EVT-ORD-0560,CORREGIR,"[HECHO_PROPIO] CORREGIR. Fuente correcta: 135_ocred.txt (Lote_013/014), no 136_ocred.txt. Cita literal verificada (lista de deficiencias de seguridad): ""15- Protección acústica mientras los motores están en servicio. 16- Tornos y demás material fuera de servicio... 17- ¿Grúas? 18- Sistema contraincendios con instalaciones de gas y combustibles líquidos en el mismo recinto. 19- Calderas tirando los humos al local. 20- Iluminación 21- Condiciones en los barcos. 23- Adecuación de mi puesto de trabajo solicitado... 24- Salubridad de las estancias del simulador.""","Corregir fuente: 135_ocred.txt, Lote_013/014. Cita literal verificada con lista de 24 deficiencias de seguridad.",CORREGIR fuente — cuaderno A lote3
EVT-ORD-0561,PENDIENTE,"[HECHO_PROPIO] PENDIENTE. 151_ocred.txt (Lote_010) es un sello de registro de salida (Nº 201000001151), no contiene el texto sobre irregularidades descrito. El archivo fuente real está por localizar.",Localizar el documento correcto para el contenido de irregularidades de mayo 2022.,PENDIENTE — cuaderno A lote3
EVT-ORD-0562,CORREGIR,"[HECHO_PROPIO] CORREGIR. Fuente correcta: 157_ocred.txt (Lote_022/028), no 155_ocred.txt. Cita literal verificada: ""El acceso a mi expediente de una supuesta empresa de mediación matrimonial y vecinal 'Giza Gune' que se financia presuntamente con dinero público sin control del comité de seguridad.""","Corregir fuente: 157_ocred.txt, Lote_022/028. Cita literal verificada.",CORREGIR fuente — cuaderno A lote3
EVT-ORD-0545,PENDIENTE,[HECHO_PROPIO] PENDIENTE — no respondido en lote3.,Incluir en siguiente lote.,PENDIENTE — no respondido lote3
EVT-ORD-0546,PENDIENTE,[HECHO_PROPIO] PENDIENTE — no respondido en lote3.,Incluir en siguiente lote.,PENDIENTE — no respondido lote3
EVT-ORD-0547,PENDIENTE,[HECHO_PROPIO] PENDIENTE — no respondido en lote3.,Incluir en siguiente lote.,PENDIENTE — no respondido lote3
EVT-ORD-0548,PENDIENTE,[HECHO_PROPIO] PENDIENTE — no respondido en lote3.,Incluir en siguiente lote.,PENDIENTE — no respondido lote3
EVT-ORD-0549,PENDIENTE,[HECHO_PROPIO] PENDIENTE — no respondido en lote3.,Incluir en siguiente lote.,PENDIENTE — no respondido lote3
EVT-ORD-0550,PENDIENTE,[HECHO_PROPIO] PENDIENTE — no respondido en lote3.,Incluir en siguiente lote.,PENDIENTE — no respondido lote3
EVT-ORD-0552,PENDIENTE,[HECHO_PROPIO] PENDIENTE — no respondido en lote3.,Incluir en siguiente lote.,PENDIENTE — no respondido lote3
EVT-ORD-0557,PENDIENTE,[HECHO_PROPIO] PENDIENTE — no respondido en lote3.,Incluir en siguiente lote.,PENDIENTE — no respondido lote3
EVT-ORD-0558,PENDIENTE,[HECHO_PROPIO] PENDIENTE — no respondido en lote3.,Incluir en siguiente lote.,PENDIENTE — no respondido lote3
EVT-ORD-0559,PENDIENTE,[HECHO_PROPIO] PENDIENTE — no respondido en lote3.,Incluir en siguiente lote.,PENDIENTE — no respondido lote3
EVT-ORD-0563,PENDIENTE,[HECHO_PROPIO] PENDIENTE — no respondido en lote3.,Incluir en siguiente lote.,PENDIENTE — no respondido lote3
EVT-ORD-0564,PENDIENTE,[HECHO_PROPIO] PENDIENTE — no respondido en lote3.,Incluir en siguiente lote.,PENDIENTE — no respondido lote3
EVT-ORD-0576,CORREGIR,"[HECHO_PROPIO] CORREGIR. Archivo real: 177_ocred.txt (no .json). El Rector menciona ""orden del anterior equipo de que se bloquease"" — confirmado. Pero el texto sobre personal eventual firmando la orgánica aparece en escritos de reclamación de 2025, no en esta transcripción. La fecha del documento (entrevista 28/02/2025) es correcta; el año 2023 que figura en la lista es incorrecto.","Corregir fuente: 177_ocred.txt (no .json). Separar: (1) cita del Rector sobre ""bloqueo del anterior equipo"" (en la transcripción); (2) detalle del personal eventual (en escritos posteriores de 2025).",CORREGIR fuente y contenido — cuaderno A lote4
EVT-ORD-0577,CORREGIR,"[HECHO_PROPIO] CORREGIR. Archivo real: 177_ocred.txt (no .json). Loroño afirma en la entrevista que ""deliberadamente no ha pagado anteriormente"" y se discute el impago de facturas — confirmado. Pero la cifra específica de 12.000€ y el detalle técnico de ""inventariables con fungibles"" no constan literalmente en esta transcripción. Esos detalles figuran en correos de 2024 dirigidos a Lourdes Cilleruelo.","Corregir fuente: 177_ocred.txt. La cifra de 12.000€ debe citarse desde los correos a Lourdes Cilleruelo (2024), no desde la transcripción del Rector.",CORREGIR fuente y cifra — cuaderno A lote4
EVT-ORD-0565,PENDIENTE,[HECHO_PROPIO] PENDIENTE. 165_ocred.txt no existe en los lotes. El acta del CSSI del 28/01/2021 consta en 151_ocred.txt (Lote_012) o 145_ocred.txt (Lote_013). Fuente incorrecta en el grafo.,Corregir fuente: verificar en 151_ocred.txt o 145_ocred.txt.,"PENDIENTE — 165_ocred.txt no existe, cuaderno A lote5"
EVT-ORD-0566,PENDIENTE,[HECHO_PROPIO] PENDIENTE. 165_ocred.txt no existe en los lotes. El acta del CSSI del 28/01/2021 consta en 151_ocred.txt (Lote_012) o 145_ocred.txt (Lote_013). Fuente incorrecta en el grafo.,Corregir fuente: verificar en 151_ocred.txt o 145_ocred.txt.,"PENDIENTE — 165_ocred.txt no existe, cuaderno A lote5"
EVT-ORD-0573,EXCLUIR,"[CASO_AJENO] EXCLUIR. 173_ocred.txt (Lote_021) es la Sentencia 1121/2024 de la Sala de lo Social del TSJ Asturias sobre conflicto laboral ajeno (""Monserrat"" y ""Leonidas""). Es el mismo documento ya excluido del grafo en la purga v150 como contaminación cruzada. No es un hecho de Loroño. Solo uso como jurisprudencia comparativa en apartado separado.",EXCLUIR de cronología personal. Reubicar como jurisprudencia comparativa TSJ Asturias si procede.,EXCLUIR CASO_AJENO — cuaderno A lote5
EVT-ORD-0574,PENDIENTE,[HECHO_PROPIO] PENDIENTE. 174_ocred.txt no localizado en los lotes.,Localizar 174_ocred.txt en cuaderno B.,PENDIENTE — cuaderno A lote5
EVT-ORD-0575,CORREGIR,"[HECHO_PROPIO] CORREGIR. Archivo real: 176_ocred.txt (Lote_022), no 176_ocred.json. El Rector reconoce el impago (""prepararé una carta al gerente... cómo no se han pagado"") pero la afirmación específica de Loroño de haber ""adelantado dinero de su bolsillo"" en 2024 no consta en esta entrevista. Esa reclamación aparece en escritos de 2021 y 2023 (93_ocred.txt y 137_ocred.txt).","Fuente: 176_ocred.txt, Lote_022. Separar: (1) reconocimiento del Rector del impago (en entrevista); (2) reclamación de adelanto propio (en 93_ocred.txt y 137_ocred.txt, 2021/2023).",CORREGIR — cuaderno A lote6
EVT-ORD-0583,PENDIENTE,[HECHO_PROPIO] PENDIENTE — no respondido en lote6.,Incluir en lote7.,PENDIENTE — no respondido lote6
EVT-ORD-0584,PENDIENTE,[HECHO_PROPIO] PENDIENTE — no respondido en lote6.,Incluir en lote7.,PENDIENTE — no respondido lote6
EVT-ORD-0585,CONFIRMAR,"[HECHO_PROPIO] CONFIRMADO. 214_ocred.txt, 15/10/2024. Cita literal: ""En todo caso, sabe usted que sus peticiones puede realizarlas directamente ante el órgano competente, ya que el Aldezle es un órgano mediador que no resuelve ni tiene capacidad ejecutiva.""",Incorporar con cita literal. Fuente: 214_ocred.txt.,CONFIRMADO — cuaderno A lote6
EVT-ORD-0567,PENDIENTE,[HECHO_PROPIO] PENDIENTE. 165_ocred.txt no existe. CSSI 28/01/2021 consta en 145_ocred.txt. Fuente incorrecta en el grafo.,Cambiar fuente a 145_ocred.txt y reverificar.,"PENDIENTE — 165_ocred.txt inexistente, cuaderno A lote6"
EVT-ORD-0568,PENDIENTE,[HECHO_PROPIO] PENDIENTE. 165_ocred.txt no existe. CSSI 28/01/2021 consta en 145_ocred.txt. Fuente incorrecta en el grafo.,Cambiar fuente a 145_ocred.txt y reverificar.,"PENDIENTE — 165_ocred.txt inexistente, cuaderno A lote6"
EVT-ORD-0569,PENDIENTE,[HECHO_PROPIO] PENDIENTE — no respondido en lote6.,Incluir en lote7.,PENDIENTE — no respondido lote6
EVT-ORD-0570,PENDIENTE,[HECHO_PROPIO] PENDIENTE — no respondido en lote6.,Incluir en lote7.,PENDIENTE — no respondido lote6
EVT-ORD-0571,PENDIENTE,[HECHO_PROPIO] PENDIENTE — no respondido en lote6.,Incluir en lote7.,PENDIENTE — no respondido lote6
EVT-ORD-0578,CORREGIR,"[HECHO_PROPIO] CORREGIR. Fuente correcta: 244-Acta_16_de_05_2025_CSSL_ocred.txt (Lote_023 y Lote_029), no 181-Acta_16_de_mayo_2025_Intercampus_signed_ocred.txt. Cita literal verificada: ""Miguel Henares, indica que pretende que el Comité esté informado de la situación que se ha prolongado en el tiempo. Se alude a carta del trabajador a los sindicatos de enero de 2021.""","Corregir fuente: 244-Acta_16_de_05_2025_CSSL_ocred.txt, Lote_023/029. Cita literal verificada.",CORREGIR fuente — cuaderno A lote5
EVT-ORD-0579,CORREGIR,"[HECHO_PROPIO] CORREGIR. El contenido sobre ""juicios de intenciones"" no está en 194_ocred.txt sino al final de 177-Transcripción literal...-28-02-2025_ocred.txt (Lote_022). Cita literal: ""El resto de cuestiones de los restantes puntos requieren un estudio más detenido... creo que sería prudente evitar juicios de intenciones como los que parece hacer.""","Corregir fuente: 177_ocred.txt, Lote_022 (final del documento, cadena de correos). No usar 194_ocred.txt.",CORREGIR fuente — cuaderno A lote5
EVT-ORD-0580,CONFIRMAR,"[HECHO_PROPIO] CONFIRMADO. Título verificado: ""200-UGT logra que el TSJPV confirme que todo lo que pasa en el centro de trabajo da pie a una baja de origen laboral, también por salud mental | UGTEuskadi_ocred.txt""",Incorporar. Fuente: 200_ocred.txt. Sentencia TSJPV que confirma origen laboral de baja por salud mental.,CONFIRMADO — cuaderno A lote5
EVT-ORD-0581,PENDIENTE,[HECHO_PROPIO] PENDIENTE. 20201214_acta_cssi_OCR.txt no localizado. Contenido técnico del 09/12/2020 aparece en 210_ocred.txt.,Buscar el acta del 14/12/2020 en cuaderno B o verificar con 210_ocred.txt.,"PENDIENTE — archivo no localizado, cuaderno A lote6"
EVT-ORD-0582,PENDIENTE,[HECHO_PROPIO] PENDIENTE. 20201214_acta_cssi_OCR.txt no localizado. Contenido técnico del 09/12/2020 aparece en 210_ocred.txt.,Buscar el acta del 14/12/2020 en cuaderno B o verificar con 210_ocred.txt.,"PENDIENTE — archivo no localizado, cuaderno A lote6"
EVT-ORD-0586,CONFIRMAR,"[HECHO_PROPIO] CONFIRMADO. Archivo en Lote_018 (sin prefijo ""219"" en el marcador). Cita literal: ""No se aceptará ningún documento que carezca de firma digital válida o de registro de entrada/salida fehaciente que acredite su existencia en la mañana del 08/08/2025. Cualquier informe 'de oficio' sin trazabilidad digital será impugnado... SOLICITO: La entrega INMEDIATA de una copia íntegra y auténtica del informe.""",Incorporar con cita literal. Fuente: Lote_018. Fecha 10/12/2025 confirmada.,CONFIRMADO — cuaderno A lote6
EVT-ORD-0588,PENDIENTE,[HECHO_PROPIO] PENDIENTE — 243-acta cssl 25-05-2023_ocred.txt no respondido con contenido.,Incluir en lote7.,PENDIENTE — no respondido lote6
EVT-ORD-0589,CORREGIR,"[HECHO_PROPIO] CORREGIR. 250_ocred.txt (Lote_010) es un correo de septiembre 2020, no de junio 2022. Error de fecha o de archivo en el grafo.",Verificar si el hecho de 06/06/2022 está en otro archivo. 250_ocred.txt no corresponde a esa fecha.,CORREGIR fecha/archivo — cuaderno A lote6
EVT-ORD-0590,CORREGIR,"[HECHO_PROPIO] CORREGIR. 251_ocred.txt (Lote_010) es de 2020, no de junio 2022. Error de fecha o de archivo en el grafo.",Verificar si el hecho de 13/06/2022 está en otro archivo.,CORREGIR fecha/archivo — cuaderno A lote6
EVT-ORD-0591,PENDIENTE,"[HECHO_PROPIO] PENDIENTE. El documento existe en Lote_038 como ""denuncia VULNERACIONES EN MATERIA DE PROTECCIÓN DE DATOS.txt"" pero la descripción del hecho llegó truncada a NotebookLM.",Repetir con descripción completa del hecho. El archivo sí existe en Lote_038.,"PENDIENTE — descripción truncada, cuaderno A lote6"
EVT-ORD-0592,PENDIENTE,[HECHO_PROPIO] PENDIENTE — no respondido en lote6.,Incluir en lote7.,PENDIENTE — no respondido lote6
EVT-ORD-0593,PENDIENTE,[HECHO_PROPIO] PENDIENTE — no respondido en lote6.,Incluir en lote7.,PENDIENTE — no respondido lote6
EVT-ORD-0594,PENDIENTE,[HECHO_PROPIO] PENDIENTE — no respondido en lote6.,Incluir en lote7.,PENDIENTE — no respondido lote6
EVT-ORD-0595,PENDIENTE,[HECHO_PROPIO] PENDIENTE — no respondido en lote6.,Incluir en lote7.,PENDIENTE — no respondido lote6
EVT-ORD-0797,CONFIRMAR,"[CASO_AJENO/JURISPRUDENCIA] Confirmado por triple corroboración (3 consultas independientes, cuadernos A y B): Sentencia TSJ Asturias 2/7/2024, Rec. 785/2024 — Monserrat, Técnico Superior de Prevención, superiora jerárquica de Leonidas desde 04/02/2013 en Rozona Servicio de Prevención SL. Citada por Loroño para ilustrar estrategias de aislamiento de víctimas","Excluir de cronología de hechos propios; conservar como jurisprudencia comparativa. Fuente exacta sin resolver entre 3 candidatos (577-599, 559-576, Lote21/33) — usar Rec. 785/2024 como identificador ancla",CONFIRMADO triple consulta — archivo OCR exacto pendiente de fijar
EVT-ORD-0751,CONFIRMAR,"[CASO_AJENO/JURISPRUDENCIA] Resuelto: confirmado como bloque 'Maribel'/Hertz de España S.L.U. (STSJ_CAT_1622_2025, Lote 33), coincide con fuente original del grafo. Hecho Probado 1º: Maribel inicia servicios 01/06/2014 como oficial administrativa 2ª CSR. La pista alternativa 'Herminia/Otilia vs Mancomunidad Encartaciones' de una consulta previa queda descartada",Excluir de cronología de hechos propios; conservar como jurisprudencia comparativa,CONFIRMADO — identidad resuelta (bloque completo Grupo B)
EVT-ORD-0749,CONFIRMAR,[CASO_AJENO/JURISPRUDENCIA] Confirmado con cita literal: correo de Benito Morentín Campillo (20/10/14) al Vicerrector PDI cuestionando modificación unilateral del encargo docente (eliminación de prácticas clínicas),"Excluir de cronología de hechos propios; conservar como jurisprudencia comparativa (caso Morentín, misma universidad)",CONFIRMADO NbLM lote7
EVT-ORD-0733,CONFIRMAR,"[CASO_AJENO/JURISPRUDENCIA] Bloque 'Amelia' confirmado por cuaderno principal: Amelia vs. Delegación del Gobierno en Illes Balears, procedimiento de determinación de contingencia (coincide con nota_del_grafo de EVT-ORD-0868)",Excluir de cronología de hechos propios; conservar como jurisprudencia comparativa. Confirmación a nivel de bloque — cita literal del ítem individual pendiente si se requiere detalle,CONFIRMADO a nivel de bloque (cuaderno principal)
EVT-ORD-0735,CONFIRMAR,[CASO_AJENO/JURISPRUDENCIA] Bloque 'Amelia' confirmado por cuaderno principal — ver EVT-ORD-0733,Excluir de cronología de hechos propios; conservar como jurisprudencia comparativa. Confirmación a nivel de bloque,CONFIRMADO a nivel de bloque (cuaderno principal)
EVT-ORD-0734,CONFIRMAR,[CASO_AJENO/JURISPRUDENCIA] Bloque 'Amelia' confirmado por cuaderno principal — ver EVT-ORD-0733,Excluir de cronología de hechos propios; conservar como jurisprudencia comparativa. Confirmación a nivel de bloque,CONFIRMADO a nivel de bloque (cuaderno principal)
EVT-ORD-0752,CONFIRMAR,"[CASO_AJENO/JURISPRUDENCIA] Resuelto: mismo bloque 'Maribel'/Hertz — asciende a categoría de supervisora (puesto de confianza) el 07/11/2016, coincide con afirmación del grafo",Excluir de cronología de hechos propios; conservar como jurisprudencia comparativa,CONFIRMADO — identidad resuelta (bloque completo Grupo B)
EVT-ORD-0701,CONFIRMADO,"[HECHO_PROPIO] Confirmado por triple corroboración: 'comenzó a advertir a sus superiores y al rectorado de irregularidades en la contratación de profesores...' (2016, 'hace seis cursos' desde artículo de 2022). Corroborado con premio internacional en Londres 2016 y correo 25/11/2016 sobre irregularidades de acreditación de máster (237-287_compressed_ocred.pdf pág.134)",Incorporar con cita literal verificada. Fuente: 475-490_ocred.txt/pdf (Lote 16). Corregir fuente en el grafo (indicaba erróneamente 248_ocred.txt),CONFIRMADO triple consulta
EVT-ORD-0736,CONFIRMAR,[CASO_AJENO/JURISPRUDENCIA] Bloque 'Amelia' confirmado por cuaderno principal — ver EVT-ORD-0733,Excluir de cronología de hechos propios; conservar como jurisprudencia comparativa. Confirmación a nivel de bloque,CONFIRMADO a nivel de bloque (cuaderno principal)
EVT-ORD-0779,CONFIRMAR,"[CASO_AJENO/JURISPRUDENCIA] Bloque 'Aníbal' confirmado por cuaderno principal: Sentencia STSJPV 3716/2023, Rec. 398/2022 — amortización de plaza y discriminación lingüística UPV/EHU",Excluir de cronología de hechos propios; conservar como jurisprudencia comparativa. Confirmación a nivel de bloque — cita literal del ítem individual pendiente si se requiere detalle,CONFIRMADO a nivel de bloque (cuaderno principal)
EVT-ORD-0783,CONFIRMAR,[CASO_AJENO/JURISPRUDENCIA] Bloque 'Aníbal' confirmado por cuaderno principal — ver EVT-ORD-0779,Excluir de cronología de hechos propios; conservar como jurisprudencia comparativa. Confirmación a nivel de bloque,CONFIRMADO a nivel de bloque (cuaderno principal)
EVT-ORD-0767,CONFIRMAR,"[CASO_AJENO/JURISPRUDENCIA] Resuelto con 3 citas literales exactas (STSJ_PV_1395_2026.txt, Lote 33): Antecedente Hecho Primero identifica a Dña. Enma, letrada asesora interina del Ayuntamiento de Barakaldo; Hecho Probado Tercero detalla complementos CD28/CE715 (RPT 2020, grupo A1); Hecho Probado Cuarto confirma reclamación salarial de 2018 por dichos complementos. ACLARACIÓN: 'Eufrasia' y la 'picadora parada' NO pertenecen a este documento — son de una sentencia distinta (TSJ Madrid 816/2025, conflicto de jardinería en Torrejón de Ardoz) mezclada en el mismo Lote 33. Compañero de Enma en este expediente: Leonardo",Excluir de cronología de hechos propios; conservar como jurisprudencia comparativa (caso Enma vs Ayuntamiento Barakaldo). Verificar si Lote 33 tiene más eventos indexados erróneamente entre estas dos sentencias mezcladas,"CONFIRMADO — 3 citas literales, identidad y confusión de origen resueltas"
EVT-ORD-0868,CONFIRMAR,"[JURISPRUDENCIA_REFERENCIA] Bloque 'Amelia' confirmado por cuaderno principal, coincide con etiqueta ya existente en el grafo (JURISPRUDENCIA_REFERENCIA)","Mantener como jurisprudencia de referencia, ya correctamente etiquetada",CONFIRMADO a nivel de bloque (cuaderno principal)
EVT-ORD-0629,CONFIRMADO,"[HECHO_PROPIO] Confirmado: listado completo de 17 anomalías corroborado entre consulta 2 (parcial) y consulta 3 (completa, coincide ítem por ítem). Informe BI-L-23/01/2018, técnico Lourdes Sirvent, 19/01/2018","Incorporar listado literal completo de 17 anomalías (ver detalle en consulta cuaderno principal). Fuente: Lote 14, coincide con fuente original del grafo (101_ocred_merged.txt)",CONFIRMADO — lista de 17 ítems consolidada
EVT-ORD-0780,CONFIRMAR,[CASO_AJENO/JURISPRUDENCIA] Bloque 'Aníbal' confirmado por cuaderno principal — ver EVT-ORD-0779,Excluir de cronología de hechos propios; conservar como jurisprudencia comparativa. Confirmación a nivel de bloque,CONFIRMADO a nivel de bloque (cuaderno principal)
EVT-ORD-0784,CONFIRMAR,[CASO_AJENO/JURISPRUDENCIA] Bloque 'Aníbal' confirmado por cuaderno principal — ver EVT-ORD-0779,Excluir de cronología de hechos propios; conservar como jurisprudencia comparativa. Confirmación a nivel de bloque,CONFIRMADO a nivel de bloque (cuaderno principal)
EVT-ORD-0785,CONFIRMAR,[CASO_AJENO/JURISPRUDENCIA] Bloque 'Aníbal' confirmado por cuaderno principal — ver EVT-ORD-0779,Excluir de cronología de hechos propios; conservar como jurisprudencia comparativa. Confirmación a nivel de bloque,CONFIRMADO a nivel de bloque (cuaderno principal)
EVT-ORD-0750,CONFIRMAR,"[CASO_AJENO/JURISPRUDENCIA] Confirmado por triple corroboración: Hecho Probado Décimo, Sentencia Morentín — 'el 21/06/18 el Servicio de Prevención informó que considera imprescindible el cumplimiento íntegro de lo dispuesto en la resolución' (22/05/18). Documento nº98, ramo actora. Mismo bloque que EVT-ORD-0749",Excluir de cronología de hechos propios; conservar como jurisprudencia comparativa (caso Morentín). Fuente: 600-644.pdf,CONFIRMADO triple consulta
EVT-ORD-0786,CONFIRMAR,[CASO_AJENO/JURISPRUDENCIA] Bloque 'Aníbal' confirmado por cuaderno principal — ver EVT-ORD-0779,Excluir de cronología de hechos propios; conservar como jurisprudencia comparativa. Confirmación a nivel de bloque,CONFIRMADO a nivel de bloque (cuaderno principal)
EVT-ORD-0781,CONFIRMAR,[CASO_AJENO/JURISPRUDENCIA] Bloque 'Aníbal' confirmado por cuaderno principal — ver EVT-ORD-0779,Excluir de cronología de hechos propios; conservar como jurisprudencia comparativa. Confirmación a nivel de bloque,CONFIRMADO a nivel de bloque (cuaderno principal)
EVT-ORD-0596,CONFIRMAR,[HECHO_PROPIO] Confirmado con cita literal: SPRL responde señalando la referencia al 'aislamiento' como situación 'en buena parte resueltas',Incorporar cita literal verificada,CONFIRMADO NbLM lote8
EVT-ORD-0597,CONFIRMAR,"[HECHO_PROPIO] Confirmado: propuesta formal de reunión Aldezle 17/11/2020 11:00 Leioa (reincorporación, Comisión Interlocución, temas pendientes)",Incorporar cita literal verificada,CONFIRMADO NbLM lote8
EVT-ORD-0598,CONFIRMAR,[HECHO_PROPIO] Confirmado: Aldezle informa sobre resolución de licencia y plantea docencia en Aulas de la Experiencia,Incorporar cita literal verificada,CONFIRMADO NbLM lote8
EVT-ORD-0599,CORREGIR-PARCIAL,"[HECHO_PROPIO] Contenido general (reiteración voluntad de reunirse) está en Lote 11, pero la fecha exacta 14/12/2020 y la referencia al mensaje de 30/11 constan en Lote 12 — fuente dividida entre dos lotes",Verificar y unificar referencia de lote antes de incorporar,CONFIRMADO PARCIAL NbLM lote8 — fuente dividida
EVT-ORD-0600,CONFIRMAR,"[HECHO_PROPIO] Confirmado: correo 07/11/2019 09:10 con lista de destinatarios (Urrutia, Basterra, César Saiz, José Vega, Lore Bilbao, Inma Gerrikagoitia, Nekane Balluerka, Carmen Ikaran, Pedro Iriondo) adjuntando certificados médicos. CORRECCIÓN: Pedro Iriondo YA es actor GA0059 en el grafo (Secretaría General UPV/EHU) con evidencias_ids VACÍO — este correo es su primera evidencia vinculable, no un actor nuevo",Incorporar; vincular este correo como primera evidencia del actor GA0059 (Pedro Iriondo),CONFIRMADO NbLM lote8 — vincula evidencia a actor GA0059 ya existente
EVT-ORD-0601,CORREGIR,"[HECHO_PROPIO] Contenido confirmado (solicitud de licencia registrada 16/11, medidas de reincorporación) pero fuente real es 56_ocred.txt, no 59_ocred.txt como indica el grafo",Corregir fuente en el grafo a 56_ocred.txt,CONFIRMADO NbLM lote8 — fuente incorrecta
EVT-ORD-0602,CORREGIR,"[HECHO_PROPIO] Confirmado: Loroño exige dictamen de compatibilidad antes de reincorporación (Art. 22.4 LPRL). Fuente real es 56_ocred.txt, no 62_ocred.txt",Corregir fuente en el grafo a 56_ocred.txt,CONFIRMADO NbLM lote8 — fuente incorrecta
EVT-ORD-0603,CONFIRMAR,"[HECHO_PROPIO] Confirmado con cita literal completa: Aldezle responde 16/11/2020 11:19 confirmando registro de solicitud de licencia, reclamación de vacaciones 2018, y ofrecimiento de examen de salud desde SP. Fuente real: 56_ocred.txt (grafo indicaba 62_ocred.json vía neo4j_uid EVT0620). PATRÓN: mismo desplazamiento de fuente que 0601 y 0602 — los tres hechos del hilo de correo del 16/11/2020 aparecen realmente en 56_ocred.txt, probablemente por repetición del hilo completo en cada respuesta",Corregir fuente en el grafo a 56_ocred.txt. Revisar si todo el bloque 0601-0603 debe reasignarse a 56_ocred.txt de forma sistemática,"CONFIRMADO — fuente corregida, patrón sistemático detectado"
EVT-ORD-0604,CONFIRMAR,[HECHO_PROPIO] Confirmado con cita literal: 'dentro de unos días se cumplirá un año de mi petición... Requerimiento que nunca ha sido atendido',Incorporar cita literal verificada,CONFIRMADO NbLM lote8
EVT-ORD-0605,CONFIRMAR,"[HECHO_PROPIO] Confirmado: cita literal sobre incumplimiento PRL/RITE y ventilación ('no me atrevo a entrar en la escuela... se incumplen las medidas sanitarias de ventilación... pandemia'). Parte del mismo hilo de noviembre 2020 que EVT-ORD-0608; según Informe de Trazabilidad Expediente 2025/JAK_01/000945 (Lote 12), corresponde a la 'denuncia ventilación' (Documento 1) frente a la 'petición por escrito' (Documento 6) de 0608","Incorporar cita literal. Candidato a revisión de fusión con 0608 — mismo hilo, dos aspectos (técnico/administrativo) de la misma comunicación","CONFIRMADO — candidato a fusión con 0608, no urgente"
EVT-ORD-0608,CONFIRMAR,[HECHO_PROPIO] Confirmado: cita literal sobre solicitud de licencia de tres meses ('si va a haber algún problema con el periodo de tres meses de licencia... artículo 77 del Acuerdo de Condiciones de Trabajo'). Mismo hilo que 0605 — aspecto administrativo (Documento 6) frente al técnico/ventilación (Documento 1) de 0605,"Incorporar cita literal. Candidato a revisión de fusión con 0605 — mismo hilo, dos aspectos de la misma comunicación","CONFIRMADO — candidato a fusión con 0605, no urgente"
EVT-ORD-0606,CONFIRMAR,"[HECHO_PROPIO] Confirmado: Loroño denuncia reiteradamente la 'desaparición' del estudio de Uruburu de marzo 2019, en alegaciones 2020 e instrucción del expediente",Incorporar; coherente con hallazgo ya documentado sobre ocultación del estudio Uruburu,CONFIRMADO NbLM lote8
EVT-ORD-0607,CONFIRMAR,"[HECHO_PROPIO] Confirmado: sesión CSSLI sobre instrucción de ventilación/CO2, Loroño/UGT denuncian falta de transparencia",Incorporar,CONFIRMADO NbLM lote8
EVT-ORD-0609,CORREGIR,"La afirmación del grafo (elevar RPT a Consejo de Gobierno con anexo 11) NO se confirma en el documento 73. En su lugar se encuentra un hecho propio DISTINTO y relevante no capturado: denuncia de falsificación de datos del reparto económico por Odriozola, César y Portillo","Reformular o eliminar la afirmación original (RPT/anexo11, no localizada); evaluar si incorporar como evento nuevo la falsificación del reparto económico (Odriozola/César/Portillo)","CORREGIR — afirmación original no confirmada, hallazgo distinto detectado"
EVT-ORD-0612,CONFIRMAR,"[HECHO_PROPIO] Confirmado: Alberto López Arraiza (nuevo director Dpto. Ciencias y Técnicas de la Navegación) responde 19/05/2021 negándose a pagar igual y a dar copia de actas | Verificado: NO hay solape con 0613. 80 y 81 son dos correos reales distintos (2 y 3 junio 2021); la cita de López Arraiza se repite en ambos por convención de citado de hilo de email, no es error de extracción",Incorporar cita literal verificada,CONFIRMADO NbLM lote8
EVT-ORD-0615,CONFIRMAR,"[HECHO_PROPIO] Confirmado con cita literal fuerte: Loroño acusa al Defensor Universitario de complicidad, fraude electoral y actas falsificadas, 'sabe que me están acosando hace años y lo justifica'",Incorporar cita literal verificada,CONFIRMADO NbLM lote8
EVT-ORD-0610,CONFIRMAR,"[HECHO_PROPIO] Confirmado directamente por archivo original aportado por Loroño (75.1_ocred.txt, exp. 2021/REGSED-1545, registrado 02/03/2021): 'Me he venido reuniendo con el Aldezle y el jefe del SP desde el año 2018... Las reuniones han resultado infructuosas ya que a pesar de aportar pruebas de vejaciones, insultos, falsedades, etc.' Coincide exactamente con la afirmación del grafo. NO fue necesario NotebookLM — el archivo simplemente no estaba indexado en cuaderno A",Incorporar cita literal verificada directamente,"CONFIRMADO — verificación directa de archivo original, cierra pendiente de 3 intentos fallidos"
EVT-ORD-0611,CONFIRMAR,"[HECHO_PROPIO] Confirmado con cita literal de Lore Bilbao (Gerente): 'las peticiones de las mismas [FFP2] llegan al Servicio de Prevención quien las analiza... El cambio a mascarillas FFP2 se hará si así lo dispone la normativa'. Réplica de Miguel Henares (UGT): 'La Administración responde que cuando lo diga la normativa'. Propuesta original de Miguel Henares (UGT) y Raúl García (CCOO). Fuente real: 74_ocred.txt y 145_ocred.txt, Lote 13 (grafo indicaba 75_ocred.txt)",Corregir fuente en el grafo a 74_ocred.txt/145_ocred.txt (Lote 13). Vincular a actor ya existente Raúl García (CCOO) como evidencia adicional,"CONFIRMADO — fuente corregida, actores identificados"
EVT-ORD-0613,CORREGIR,"ERROR DE FUENTE CONFIRMADO: 81_ocred.txt (Lote 13) contiene cadena de comunicaciones que empieza en mayo 2021 (recomendación Aldezle 12/05, respuesta López Arraiza 19/05, reenvío Loroño 02/06) — NO llega a abril 2021. El hecho de Basterra/tutor de apoyo (05/04/2021) no está en este archivo. Posible solape de contenido con EVT-ORD-0612 (fuente 80_ocred.txt, misma respuesta de López Arraiza 19/05/2021) — revisar si 80 y 81 se solapan | VERIFICADO DIRECTAMENTE por lectura completa de 80_ocred.txt y 81_ocred.txt (aportados por el usuario): ninguno de los dos contiene mención a Basterra/tutor de apoyo/8 de abril. Contenido real de ambos: hilo actas+factura txistu con Alberto López Arraiza",Relocalizar el documento real de abril 2021 sobre Basterra/tutor de apoyo; no usar 81_ocred.txt para este hecho. Revisar solape 80/81_ocred.txt con EVT-ORD-0612,"CORREGIR — verificado por lectura directa de archivos, no solo por NbLM"
EVT-ORD-0614,CORREGIR,"ERROR DE FUENTE CONFIRMADO: 84_ocred.txt (Lote 13) existe pero está fechado 11/06/2021 (no 11/10/2021) y es un correo de queja de Loroño sobre 'castigo y calvario', sin relación con Ricardo Basterra ni con ninguna 'mejora significativa' en evaluación de riesgos. La fuente asignada en el grafo (neo4j_uid EVT0631) no corresponde al hecho descrito",Relocalizar el documento real donde Basterra comunica el fin del plazo de 6 meses y la mejora significativa; no usar 84_ocred.txt para este hecho,"CORREGIR — fuente no corresponde al hecho, relocalizar"
VUL0522,CORREGIR,"[FUENTE INCORRECTA] Vulneración CW0103 (grabación del Consejo 13/05/2021 desaparecida) tiene ubicacion_documento='81_ocred.txt', ya verificado que ese archivo NO contiene este hecho (solo correspondencia López Arraiza/txistu de junio 2021). Marcado 'verificado' dos veces (Cowork barrido v147, NotebookLM Cuaderno C v17) sin detectar el error. Fuente real aportada por Loroño: recurso_consejo_de_13-05-2021_con_anexos.pdf, expediente 2021/REGSED-5248, registrado 11/06/2021. Cita literal disponible: 'Se le dijo que se grababa la sesión. Ahora se niegan a entregar la grabación' / 'Se haga pública la grabación de la sesión'",Corregir ubicacion_documento a recurso_consejo_de_13-05-2021_con_anexos.pdf (exp. 2021/REGSED-5248); rellenar evidencia_literal (vacío actualmente) con la cita literal,"CORREGIR — fuente y evidencia_literal a completar, aportado directamente por Loroño"
GA0160_GA0161_FUENTE,CONFIRMAR,"[REFUERZO DE FUENTE] Actores GA0160 (Sendoa Aldecoa) y GA0161 (Edurne Arriola) ya documentan 'reconocimiento CPU 2021 de irregularidad -- sin cese ejecutado' pero sin documento fuente enlazado. Ahora identificado: PA-DPTO_00025_signed (firmado por Federico Recart, Presidente CPU, 22/04/2021) para Aldecoa (puesto PACSL2-D00025-7) y DPTO_00025-signed (mismo firmante, 21/04/2021) para Arriola (puesto TUC8/1-D00025-5, vacante desde 22/09/2018). Cita literal: 'puestos... que no se encuentran ocupados reglamentariamente'",Enlazar evidencia_literal y fuente exacta (DPTO_00025-signed / PA-DPTO_00025_signed) a los nodos GA0160 y GA0161,"CONFIRMAR — documento fuente localizado, aportado directamente por Loroño"
LOTE015_E9_REFUERZO,CONFIRMAR,"[HALLAZGO NUEVO DE APOYO] La vulneración Lote_015/E9 (inclusión de personas no doctoras -Arriola, Gandiaga- con derecho a voto en consejos) puede reforzarse con la declaración literal de la letrada Begoña Palacios en la sesión 13/05/2021: reconoció que, al estar derogado el reglamento específico del departamento, era de aplicación el reglamento marco de departamentos -- lo que cuestiona la legitimidad de la composición del consejo. Presente también la Directora de Profesorado Carmen Ikaran. Fuente: recurso_consejo_de_13-05-2021_con_anexos.pdf",Evaluar incorporar como evidencia adicional de Lote_015/E9 o como hecho nuevo enlazado,"PENDIENTE DE DECISIÓN — hallazgo de apoyo, no bloqueante"
EVT-ORD-0616,CONFIRMAR,"[HECHO_PROPIO] Confirmado: Jan Seegelken Álvarez y Ander Egiluz asistieron como oyentes 2020/2021 a MCI II, se les pretendía confirmar nota de aprobado de examen que Loroño no realizó por baja","Corregir fuente a 137_ocred_merged.txt (Lote 15) / 221-DENUNCIA UGT (Lote 14), no 'Denuncia Manuel Clemente...json'",CONFIRMADO NbLM lote9 — fuente corregida
EVT-ORD-0617,CONFIRMAR,"[HECHO_PROPIO] Confirmado: Miguel Henares envía denuncia sindical UGT (doc 132/221) a Rectora; Loroño envía denuncia personal adjuntando la de UGT, grabaciones y ampliando hechos",Corregir fuente a 113.1_ocred.txt (Lote 17) / 221-DENUNCIA UGT (Lote 14),CONFIRMADO NbLM lote9 — fuente corregida
EVT-ORD-0619,CONFIRMAR,"[HECHO_PROPIO] Confirmado con cita casi literal: UGT informa 6 junio 2022 — denegación de actas, impedimento acceso material docente, otro profesor impartiendo su asignatura, material al sótano, proyectos no tramitados",Corregir fuente a 250_ocred.txt (Lote 16),CONFIRMADO NbLM lote9 — fuente corregida
EVT-ORD-0620,CONFIRMAR,"[HECHO_PROPIO] Confirmado: consejo aprobó recusación sin documentación, puso al director como sustituto pese a no haber impartido clase. ATENCIÓN: cita nombra 'Miguel Clemente' como sustituto — verificar si es error tipográfico de 'Manuel Clemente De Miguel' (GA0095, actor ya conocido) o persona distinta",Incorporar; aclarar identidad exacta del 'profesor sustituto' antes de vincular a GA0095,CONFIRMADO NbLM lote9 — pendiente aclarar nombre exacto del sustituto
EVT-ORD-0621,CORREGIR,"CONFIRMADO EL ERROR (2 intentos independientes): no existe artículo en 'Revista de Jurisprudencia Laboral'. Los documentos reales citados por Loroño son el Criterio Técnico 104/2021 (Inspección de Trabajo) y la Guía del Observatorio Vasco de Acoso Laboral (Osalan, 2014)","Reformular la afirmación del grafo para referenciar el Criterio Técnico 104/2021 ITSS y/o la Guía Osalan 2014, eliminando la referencia inexistente a 'Revista de Jurisprudencia Laboral'","CORREGIR — error de fuente confirmado en el grafo original, no de búsqueda"
EVT-ORD-0622,CONFIRMAR,[HECHO_PROPIO] Confirmado con cita literal sobre horarios de motores y desdoblamiento de grupos de taller para impedir impartir la asignatura,Corregir extensión de fuente a doc-300_ocred.txt,CONFIRMADO NbLM lote9
EVT-ORD-0623,CONFIRMAR,[HECHO_PROPIO] Confirmado con cita literal: 'se juega la vida al ir a la escuela y que se prepara una algarada' (referencia a riesgo de paliza),Corregir extensión de fuente a doc-300_ocred.txt,CONFIRMADO NbLM lote9
EVT-ORD-0624,CONFIRMAR,[HECHO_PROPIO] Confirmado con cita literal: 'Han dejado impunes a los acosadores e incluso a los alumnos que atizados por estos han faltado al respeto',Corregir extensión de fuente a doc-300_ocred.txt,CONFIRMADO NbLM lote9
EVT-ORD-0625,CONFIRMAR,[HECHO_PROPIO] Confirmado con cita literal: director de escuela no le deja trabajar en su línea de música en salón de actos mientras otros sí ensayan; sin lugar para herramienta ni garantía de seguridad,Corregir extensión de fuente a doc-586_ocred.txt,CONFIRMADO NbLM lote9
EVT-ORD-0626,CORREGIR-PARCIAL,"El hecho de fondo (acompañamiento durante tutorías por seguridad) es real, pero la afirmación literal del grafo ('un alumno se ofreció a acompañarle') no se sostiene tal cual. Cita real encontrada (21/03/2025): 'El lunes me tuvieron que acompañar las 5 horas de tutoría para no estar solo'. Mención colateral a Joseba Berreteaga (alumno, ya actor conocido) aportando grabaciones en reunión con el rector 12/02/2025, sin relación directa confirmada con el acompañamiento",Reformular afirmación a 'tuvieron que acompañarle durante tutorías para no estar solo' en vez de 'un alumno se ofreció'; evaluar fusión con 0628,"CORREGIR PARCIAL — hecho real, redacción del grafo imprecisa"
EVT-ORD-0628,CORREGIR-PARCIAL,"Ver EVT-ORD-0626 — mismo hecho, misma corrección de redacción necesaria",Reformular afirmación; evaluar fusión con 0626,"CORREGIR PARCIAL — hecho real, redacción del grafo imprecisa"
EVT-ORD-0627,CORREGIR,"ACLARADO POR LOROÑO DIRECTAMENTE: la ampliación de plazo fue de la Evaluación de Riesgos Psicosociales GENERAL de la Escuela de Ingeniería de Bilbao (estudio institucional, todo el centro), NO un hecho específico de su caso personal. Esto explica por qué NotebookLM no localizaba una cita ligada a su cronología individual — se estaba buscando mal encuadrado como hecho propio | IMPORTANTE: Gizagune NO es un Servicio de Prevención Ajeno acreditado — de ahí que el propio nombre del archivo fuente la llame 'falsa evaluación psico'. La ampliación de plazo de un estudio realizado por una entidad sin acreditación como SP refuerza (no resta) el patrón ya documentado de sustitución irregular de la evaluación de riesgos psicosociales obligatoria por Gizagune",Recalificar de 'hecho propio de Loroño' a 'hecho institucional general - contexto EI Bilbao'. Mantener vinculado al hallazgo ya documentado de falta de acreditación de Gizagune como SP ajeno,"CORREGIDO — reclasificado tras aclaración directa de Loroño, cierra la duda"
EVT-ORD-0630,CONFIRMAR,[HECHO_PROPIO] Confirmado con cita literal explícita nombrando al responsable: 'la corrección de examen que hace el secretario Aingeru [Basterretxea] es la que me lleva a que me denuncie un alumno... el que puso el examen corrigió y calificó EN MI NOMBRE Y USANDO MI NOMBRE COMO SI YO HUBIESE PUESTO EL EXAMEN CUANDO LA RESPONSABILIDAD ERA DE ÉL',"Incorporar cita literal completa, vincular a GA0096 (Aingeru Basterretxea). Corregir fuente a 87_ocred.txt",CONFIRMADO — atribución nominal verificada
EVT-ORD-0631,CONFIRMAR,[HECHO_PROPIO] Confirmado: privación de documentación sobre reorganización/desaparición del departamento y sobre proyecto Itsasgune (Javier Sánchez-Beaskoetxea),Incorporar cita literal,CONFIRMADO NbLM lote9
EVT-ORD-0632,CONFIRMAR,"[HECHO_PROPIO] Confirmado: censura de documentos sobre votación de plaza de funcionario, Anexo VI, solo el correo de Loroño completo. No se confirmaron explícitamente los otros 2 nombres (Miguel Ángel Gómez, Juan Luis) ni el conteo de '3 correos'",Incorporar; detalle menor de nombres/conteo pendiente si se requiere precisión total,CONFIRMADO NbLM lote9
EVT-ORD-0633,CONFIRMAR,[HECHO_PROPIO] Confirmado: Josu Arrizabalzaga sin acreditar autorización para abandonar docencia; cortó vídeo y audio en última sesión del consejo,Incorporar cita literal,CONFIRMADO NbLM lote9
EVT-ORD-0640,CONFIRMAR,"[HECHO_PROPIO] Confirmado con detalle adicional: ejercicio en pizarra 08/03/2022 por alumno Velasco (nombre nuevo); 09/03/2022 dedicado a resolver el problema, resuelto por Gustavo Calleja","Incorporar cita literal, con nombre adicional 'Velasco'",CONFIRMADO NbLM lote9 — nombre adicional detectado
EVT-ORD-0641,CONFIRMAR,[HECHO_PROPIO] Confirmado con citas literales genuinas y distintas de la afirmación: sobre telemática/presencial referencia a vídeo y acta; sobre docencia: 'En el punto 3 del acta queda reflejada la pregunta de Iñaki Loroño... por qué no se le dejo elegir docencia... sin contestación',Incorporar citas literales verificadas,CONFIRMADO — cita literal genuina verificada en 2º intento
EVT-ORD-0642,CONFIRMAR,[HECHO_PROPIO] Confirmado DIRECTAMENTE por archivo original 114_ocred.txt aportado por Loroño (NotebookLM no lo localizó): punto 12 'Preside el órgano colegiado el secretario cuando debe ser el director de departamento'; punto 8 'Se cita una resolución que me fue notificada con posterioridad y que me correspondía solo a mí darla respuesta'. Secretario identificado: Aitor Martínez Lozares (firma al pie),Incorporar cita literal verificada directamente,"CONFIRMADO — verificación directa de archivo, NotebookLM no lo encontró"
EVT-ORD-0643,CONFIRMAR,[HECHO_PROPIO] Confirmado con citas literales genuinas: 'Pone que la sesión es telemática en la convocatoria ¿si no lo es qué pasa?' y 'Hay persona de bolsas votando la constitución de las mismas e incluso los tribunales',Incorporar citas literales verificadas,CONFIRMADO — cita literal genuina verificada en 2º intento
EVT-ORD-0646,CORREGIR-PARCIAL,[HECHO_PROPIO] Confirmadas las preguntas literales sobre garantías/seguridad/cumplimiento de resoluciones VR-PDI. NO se confirma la parte 'reconoce error de fecha (sesión era el 6 no el 5)' — no aparece en los fragmentos,Incorporar cita confirmada; verificar por separado si existe el reconocimiento del error de fecha en otro punto del documento,CONFIRMADO PARCIAL — falta la sub-afirmación del error de fecha
EVT-ORD-0647,CONFIRMAR,"[HECHO_PROPIO] Confirmado: disposición a ir a Aulas de la Experiencia condicionada a garantías (acceso talleres, herramienta, analizador de gases, programa ~250€)",Incorporar cita literal,CONFIRMADO NbLM lote10
EVT-ORD-0648,CONFIRMAR,"[REFERENCIA INTERNA COMPARATIVA] Confirmado con cita literal exacta: 'la acción que ha originado la presente Evaluación de Riesgos Psicosociales ha sido una demanda de una persona trabajadora del DEMQ debido a una situación de conflicto dentro del ámbito laboral'. NOTA: no es jurisprudencia ajena en sentido legal, es un precedente administrativo interno de otro departamento de la misma universidad, usado para comparar el trato dado a las ERP",Incorporar cita literal; corregir etiqueta de 'jurisprudencia ajena' a 'referencia interna comparativa',CONFIRMADO NbLM lote10 — etiqueta corregida
EVT-ORD-0649,CONFIRMAR,[HECHO_PROPIO] Confirmado: director EI Bilbao le negó presidir tribunal de examen (5ª/6ª convocatoria) pese a ser el profesor de mayor grado y antigüedad,Incorporar cita literal,CONFIRMADO NbLM lote10
EVT-ORD-0650,CONFIRMAR,"[HECHO_PROPIO] Confirmado: denuncia contra Beñat Amade (actor ya conocido, GNC/Motorgas) — local en mal estado, sin ventilación/climatización, cambio de bombín sin entrega de llaves, reunión 20/06/2023",Incorporar cita literal; refuerzo de actor GA Beñat Amade,CONFIRMADO NbLM lote10 — refuerza actor existente
EVT-ORD-0651,CONFIRMAR,"[HECHO_INSTITUCIÓN] Confirmado: Acta CSSLI 28/01/2021 — Gabi Elkoroaristizabal menciona que un profesor había 'acosado' a trabajador del PAS; Lore Bilbao propone adjuntar informe de Prevención al acta. Hecho DISTINTO de EVT-ORD-0611 (mascarillas FFP2), mismo acta/reunión, punto del orden del día diferente",Incorporar cita literal,CONFIRMADO NbLM lote10
EVT-ORD-0656,CONFIRMAR,"[HECHO_PROPIO] Confirmado, coincide con afirmación exacta: cita jurisprudencia STSJ Galicia 16/12/2015 (rec.445/2014) y STSJ Castilla-La Mancha 14/01/2016 (rec.96/2014) sobre responsabilidades disciplinarias y penales por prolongación ilegítima de funciones. Archivo 156_ocred.txt localizado en Lote 005 (en pasadas anteriores se indicó incorrectamente que no estaba disponible)",Incorporar; corregir lote a Lote_005,CONFIRMADO — archivo relocalizado tras 2 intentos fallidos
EVT-ORD-0657,CONFIRMAR,"[HECHO_PROPIO] Confirmado, coincide con afirmación: denuncia de arbitrariedad en convocatoria (restricción periodo cómputo méritos), alegación de 'desviación de poder' para consolidar situación de comisión de servicios, solicita explicaciones por 'presunto fraude continuado' y posible corrupción en valoración de méritos. Correo 24/03/2025 10:26. Conecta con patrón ya conocido de nombramiento irregular de César Saiz vía comisión de servicios",Incorporar; vincular a hallazgo H-09/César Saiz ya documentado,"CONFIRMADO — archivo relocalizado, refuerza hallazgo existente"
EVT-ORD-0659,CORREGIR,"ERROR DE FUENTE CONFIRMADO: 161_ocred.txt (Lote 22) contiene solicitud de medidas cautelares de octubre 2025, no los datos médicos de alta hospitalaria de marzo. Los datos médicos (TA 191/107, etc.) corresponden al informe de urgencias del Hospital San Juan de Dios","Relocalizar en informe de urgencias Hospital San Juan de Dios, no usar 161_ocred.txt","CORREGIR — fuente incorrecta, pista de relocalización dada"
EVT-ORD-0660,CORREGIR,"ERROR DE FUENTE CONFIRMADO: 168_ocred.txt (Lote 07) es correo de César Saiz sobre examen de salud, no relacionado con Premio Imarest/tribunal paralelo. Hechos reales están en Lotes 12 y 17","Relocalizar en Lotes 12/17, no usar 168_ocred.txt",CORREGIR — fuente incorrecta
EVT-ORD-0661,CORREGIR,Ver EVT-ORD-0660 — mismo error de fuente,Relocalizar en Lotes 12/17,CORREGIR — fuente incorrecta
EVT-ORD-0676,CONFIRMAR,"[CASO_AJENO/JURISPRUDENCIA] Confirmado, refuerza bloque Monserrat/Rozona ya conocido (EVT-ORD-0797): medidas de alejamiento judicial entre Monserrat y Leonidas ('se evitará que coincidan'; 'se evitará contacto por escrito')","Incorporar cita literal, mismo bloque que 0797",CONFIRMADO NbLM lote10 — refuerza bloque existente
EVT-ORD-0678,CONFIRMAR,[HECHO_PROPIO] Confirmado vía transcripción entrevista con el Rector: directora de departamento no quería pagar factura de Loroño; Rectora decide pasar la gestión a investigación,Incorporar,CONFIRMADO NbLM lote10
EVT-ORD-0679,CONFIRMAR,Ver EVT-ORD-0678 — mismo hecho/fuente,Incorporar,CONFIRMADO NbLM lote10
EVT-ORD-0681,CONFIRMAR,[HECHO_PROPIO] Confirmado con cita literal: propuesta de Aulas de la Experiencia en Portugalete como parte del argumento para traslado de sede,Incorporar cita literal,CONFIRMADO NbLM lote10
EVT-ORD-0682,CONFIRMAR,"[METADATO] Confirmado: fecha de cabecera/archivo del correo (Outlook) es 14/02/2020, coincide con la fecha del hecho en el grafo",Incorporar metadato verificado,CONFIRMADO NbLM lote10 (repregunta 2ª)
EVT-ORD-0683,CONFIRMAR,"[METADATO] Confirmado: fecha de cabecera/archivo del correo (Outlook) es 14/02/2020, mismo bloque documental que 0682, relativo a comunicación del Dr. Uruburu sobre finalización de su estudio",Incorporar metadato verificado,CONFIRMADO NbLM lote10 (repregunta 2ª)
EVT-ORD-0684,CONFIRMAR,[HECHO_PROPIO] Confirmado con cita literal: 'constato una manifiesta INACTIVIDAD por lo que le solicito con carácter URGENTE',Incorporar cita literal,CONFIRMADO NbLM lote10
EVT-ORD-0658,CONFIRMAR,"[HECHO_PROPIO] Confirmado con cita literal: '...el martes comprobé que una persona contratada ilegalmente, que no tiene acreditación alguna, estaba impartiendo docencia que me corresponde a mí darla. Eso sí es el hermano de un importante político'. Loroño acusa al Vicerrector de PDI de mantener la marginación y 'ociosidad forzosa'",Incorporar cita literal verificada. Identificar si el 'importante político' hermano puede vincularse a un actor ya registrado,CONFIRMADO NbLM lote10 (repregunta 2ª)
EVT-ORD-0677,CORREGIR,"[CASO_AJENO/JURISPRUDENCIA] ACLARACIÓN CRÍTICA que corrige el registro anterior: el Tribunal RECHAZÓ explícitamente la revisión del hecho probado quinto solicitada por Rozona (empleadora recurrente). Fundamento de Derecho Segundo: 'La revisión no se admite pues la redacción contenida en la sentencia de instancia no es errónea, por lo que no procede su corrección'. Por tanto la frase 'al siguiente día de poner los hechos en conocimiento' NUNCA fue hecho probado firme — fue argumento de la empresa, DESESTIMADO por el tribunal","CORREGIR la ficha: no presentar la frase como hecho judicialmente aceptado. Puede conservarse como ejemplo de intento de reencuadre por la empleadora, rechazado por el tribunal — útil como jurisprudencia sobre cómo los tribunales no exigen prueba de proximidad temporal poco favorable para desacreditar denuncias de acoso",CORREGIDO — cambio sustancial de calificación jurídica del hecho
EVT-ORD-0685,CONFIRMAR,"[METADATO] Confirmado, fecha cabecera 14/02/2020, mismo bloque que 0682/0683",Incorporar,CONFIRMADO NbLM lote11
EVT-ORD-0686,CONFIRMAR,"[HECHO_INSTITUCIÓN] Confirmado: correo XV Convocatoria Docentiaz, usado por Loroño para contrastar 'normalidad' institucional vs bloqueo de sus méritos",Incorporar cita literal,CONFIRMADO NbLM lote11
EVT-ORD-0687,CONFIRMAR,[HECHO_PROPIO] Confirmado: Loroño envía al Rector sentencia sobre aislamiento de trabajadora acosada como medida de protección no aceptable,Incorporar cita literal,CONFIRMADO NbLM lote11
EVT-ORD-0688,CONFIRMAR,"[CASO_AJENO/JURISPRUDENCIA] Confirmado, refuerza bloque Monserrat/Rozona: TSJ Asturias sentencia 1121/2024 desestima recursos de Rozona SL y Monserrat, CONFIRMA NULIDAD de medidas empresariales en apelación. Dato nuevo: resultado final del caso en 2ª instancia",Incorporar; conecta con bloque 0797/0676/0677 ya confirmado,CONFIRMADO NbLM lote11 — añade resultado de apelación
EVT-ORD-0689,CONFIRMAR,"[HECHO_PROPIO o comparativo] Confirmado: caso Amezua — incumplimiento normativa, expulsión, insultos, recogida de firmas en contra estando de baja",Incorporar; verificar si Amezua es hecho propio o comparativo,CONFIRMADO NbLM lote11
EVT-ORD-0690,CONFIRMAR,"[REFUERZO HALLAZGO EXISTENTE] Confirmado: documento de cese/cambio de campus de César Saiz muestra puesto F213, discrepancia con F928 (Jefe SP) que ocupa realmente — sustenta denuncia de consolidación irregular vía comisiones de servicio encadenadas. Refuerza hallazgo H-09 ya documentado",Incorporar; vincular explícitamente a hallazgo H-09/César Saiz,CONFIRMADO NbLM lote11 — refuerza hallazgo existente
EVT-ORD-0691,CONFIRMAR,"[HECHO_INSTITUCIÓN] Confirmado: acta CSSI 14/12/2020 aprueba actas anteriores (4/3, 17/6, 24/6, 1/7, 21/9 2020)",Incorporar,CONFIRMADO NbLM lote11
EVT-ORD-0692,CONFIRMAR,"[HECHO_INSTITUCIÓN] Confirmado: estudio de calidad ambiental interior en espacios docentes de los tres Campus, incluye EI Bilbao Portugalete",Incorporar,CONFIRMADO NbLM lote11
EVT-ORD-0693,CONFIRMAR,[HECHO_INSTITUCIÓN] Confirmado: dos convocatorias de bolsa de médico/a de trabajo resultaron desiertas,Incorporar,CONFIRMADO NbLM lote11
EVT-ORD-0694,CONFIRMAR,"[AUTORIDAD EXTERNA] Confirmado, Inspección Médica: 'Cuadro ansioso-depresivo reactivo a factores externos (conflicto laboral)' — evidencia médica externa relevante","Incorporar cita literal, valor probatorio alto (autoridad médica externa)",CONFIRMADO NbLM lote11
EVT-ORD-0695,CONFIRMAR,"[HECHO_INSTITUCIÓN] Confirmado: incoación expediente primera medida cautelar, registro O00008604s2200002300/2022/NOTIFI-181",Incorporar,CONFIRMADO NbLM lote11
EVT-ORD-0696,CONFIRMAR,"[PRIMERA EVIDENCIA ACTOR GA0059] Confirmado: Pedro Iriondo responde 'el asunto que me comentas... es un tema particular y con buen criterio no se trató'. Actor GA0059 (Pedro Iriondo, Secretaría General) tenía evidencias_ids vacío — esta es la primera evidencia vinculable, junto con EVT-ORD-0600 ya identificado antes",Vincular como evidencia de GA0059,CONFIRMADO NbLM lote11 — refuerza actor sin evidencia previa
EVT-ORD-0697,CONFIRMAR,"[HECHO_INSTITUCIÓN] Confirmado: tras visita, Txus Martínez presenta informe, se pide info a todas las partes en plazo de 10 días",Incorporar,CONFIRMADO NbLM lote11
EVT-ORD-0702,CONFIRMAR,[HECHO_INSTITUCIÓN] Confirmado: universidad decide que guardas jurados escolten a Loroño en la escuela,Incorporar,CONFIRMADO NbLM lote11
EVT-ORD-0703,CONFIRMAR,[HECHO_INSTITUCIÓN] Confirmado: universidad resuelve que los dos profesores enfrentados no coincidan en el centro,Incorporar,CONFIRMADO NbLM lote11
EVT-ORD-0704,CONFIRMAR,"[HECHO_PROPIO] Confirmado: Loroño convoca a otros 2 representantes de tribunal, ninguno se presenta",Incorporar,CONFIRMADO NbLM lote11
EVT-ORD-0705,CONFIRMAR,"[HECHO_PROPIO] Confirmado: notas falsas publicadas sin conocimiento de Loroño, aprobado general salvo quien no recusó",Incorporar,CONFIRMADO NbLM lote11
EVT-ORD-0706,CONFIRMAR,[HECHO_PROPIO] Confirmado: a alumno con sobresaliente otorgado por Loroño le dan un 5 en las notas falsas publicadas,Incorporar,CONFIRMADO NbLM lote11
EVT-ORD-0707,CONFIRMAR,"[HECHO_PROPIO] Confirmado como 2022, no 2020 — LA NOTA DE ERROR SISTEMÁTICO DE SESIONES ANTERIORES ERA INCORRECTA PARA ESTE CASO. 4 pruebas convergentes: (1) documento nombra a 'Rectora Eva Ferreira' y 'Vicerrector Fede Recart', Ferreira solo es rectora desde 2021; (2) archivo gemelo UGTInforma13062022_ocred.txt (mismo Lote 016, texto idéntico) trae la fecha completa 13/06/2022 en el propio nombre; (3) artículo de El País (29/06/2022, en 168_ocred.txt y 248_ocred.txt) describe el mismo episodio con horas exactas coincidentes (examen fijado 30/05, Loroño termina 20:15h, profesoras del Rectorado terminan 21:00h); (4) encaja cronológicamente con escalada 2021/2022 (agresión nov.2021, cautelares ene/mar 2022) — en junio 2020 Loroño estaba de IT prolongada hasta septiembre","Incorporar cita literal y fecha 30/05/2022 (examen) / 13/06/2022 (boletín UGT) con plena confianza. CORREGIR la nota de error sistemático general sobre 250/251_ocred.txt — no aplica de forma universal, verificar caso por caso","CONFIRMADO — fecha verificada con 4 pruebas cruzadas, corrige asunción previa de la sesión"
EVT-ORD-0708,CONFIRMAR,"[HECHO_PROPIO/comunicado sindical] Confirmado: FETE-UGT Informa 6 julio 2022, PAS y PDI, cita textual sobre miedo a agresión física en las escaleras",Incorporar cita literal,CONFIRMADO NbLM lote11
EVT-ORD-0709,CONFIRMAR,"[HECHO_INSTITUCIÓN] Confirmado por lectura DIRECTA del correo original (.msg, aportado por Loroño): De 'Datuak Babesteko Ordezkaria/Delegado de Protección de Datos <dpd@ehu.eus>' (Maren Zubizarreta), Para 'pdi@ehu.eus', 05/11/2025 08:28:53. Asunto: 'Protección de datos y uso responsable del correo electrónico y las listas de distribución'. NotebookLM no pudo localizarlo porque el corpus indexado no incluye este archivo .msg (formato distinto al resto del corpus en .txt)",Incorporar correo completo como fuente directa; señalar que el corpus de NotebookLM tiene una laguna de formato .msg no convertido,"CONFIRMADO — verificación directa de archivo original .msg, corrige 'discrepancia' anterior"
EVT-ORD-0710,CONFIRMAR,"[HECHO_PROPIO] Confirmado: 05/12/2025 Loroño presenta denuncia formal por tratamiento ilícito de datos médicos, notifica a DPD conforme art.33 RGPD",Incorporar,CONFIRMADO NbLM lote12
EVT-ORD-0711,CONFIRMAR,"[HECHO_PROPIO] Confirmado: DPD responde mismo día pidiendo formulario de ejercicio de derechos, sin abrir expediente; Loroño rechaza por escrito la derivación",Incorporar,CONFIRMADO NbLM lote12
EVT-ORD-0714,CONFIRMAR,"[HECHO_INSTITUCIÓN] Confirmado por el MISMO correo que 0709: cita literal exacta: 'En las últimas semanas se han producido varios casos en los que se han difundido, por error, datos personales a través del correo electrónico y de las listas de distribución'. Es el reconocimiento de brecha de seguridad por error generalizado, en comunicado masivo a toda la plantilla PDI (pdi@ehu.eus), firmado por Maren Zubizarreta, DPD, 05/11/2025","Incorporar cita literal; vincular al mismo correo que EVT-ORD-0709 (mismo documento, dos aspectos del mismo hecho)","CONFIRMADO — verificación directa, corrige 'sin soporte documental' anterior. NotebookLM no había indexado el formato .msg"
EVT-ORD-0715,CONFIRMAR,[HECHO_INSTITUCIÓN] Confirmado en lo esencial: exigencia de ratificación conforme Acuerdo 10/07/2014 como requisito indispensable para activar protocolo. No se verifica explícitamente el matiz de 'persona distinta a la agraviada',Incorporar; matiz menor sin verificar,CONFIRMADO NbLM lote12
EVT-ORD-0716,CORREGIR-PARCIAL,"Cita relacionada temáticamente (gastos de hace 7 años, Tribunal de Cuentas, se alargó hasta 2018/2019) pero NO confirma explícitamente 'convocatoria a reunión para recibir borrador de auditoría UGAS 2013-2015' tal como está formulada la afirmación",Verificar si es el mismo hecho descrito de otra forma o si hay una convocatoria formal distinta a localizar,"CONFIRMADO PARCIAL — coincidencia temática, no literal"
EVT-ORD-0728,CONFIRMAR,"[HECHO_INSTITUCIÓN] Confirmado por localizador exacto IVVH2IICHQGL7WVLYBQ4GELH6M (identificador único, alta fiabilidad)",Incorporar,CONFIRMADO NbLM lote12
EVT-ORD-0729,CONFIRMAR,"[HECHO_INSTITUCIÓN] Confirmado: Factura 154 GIZAGUNE, 3.025€, 'Intervención organización ICMA Diagnóstico DICIEMBRE', fecha 27/01/2025",Incorporar,CONFIRMADO NbLM lote12
EVT-ORD-0730,CORREGIR-PARCIAL,"Se aportan 2 fechas distintas sin cita literal para la de autorización: (a) autorización del gasto 27/01/2025 (grafo decía 21/01, discrepancia de 6 días, SIN cita literal que lo respalde); (b) validación en sistema 21/10/2025 (con cita literal, ya confirmado en repregunta anterior)",Solicitar cita literal de la fecha de autorización (27/01) antes de fijarla; mantener 21/10/2025 como fecha de validación confirmada,"CONFIRMADO PARCIAL — fecha de validación sólida, fecha de autorización sin cita literal"
EVT-ORD-0731,CONFIRMAR,"[HECHO_INSTITUCIÓN] Confirmado completo: 'Expediente de Contratación Menor SER/20230000005903 de 9 de agosto de 2023. Órgano de contratación: María Eva Ferreira García. Adjudicatario: Gizagune (María Eugenia Ramos)'. CORRECCIÓN: María Eugenia Ramos YA es actor GA0259 en el grafo (adjudicataria formal del contrato Gizagune, nota_alta_v39, fuente NotebookLM 02/07/2026 Lote_040) — no es un hallazgo nuevo, es evidencia adicional que vincular a un actor ya existente",Incorporar cita completa como evidencia adicional vinculada a GA0259 (ya existente),CONFIRMADO — vincula evidencia a actor GA0259 ya registrado
EVT-ORD-0732,CONFIRMAR,"[HECHO_INSTITUCIÓN] Confirmado: importe 4.235€ total, aplicación presupuestaria 2023 38.12 034 259.09 OTROS TRABAJOS",Incorporar,CONFIRMADO NbLM lote12
EVT-ORD-0737,CONFIRMAR,"[CASO_AJENO/JURISPRUDENCIA] Confirmado con cita literal: Sentencia 14/2021 TSJCV revocada, descarta acoso analizando indicios de forma aislada. Caso Torrevieja/Rico","Incorporar; excluir de hechos propios, conservar como jurisprudencia",CONFIRMADO NbLM lote12
EVT-ORD-0738,CONFIRMAR,"[CASO_AJENO/JURISPRUDENCIA] Confirmado por lectura directa del archivo legible (Lote 22/copia limpia, aportado por Loroño): 'la providencia de 30 de marzo de 2022, de la Sección Primera de la Sala de lo Contencioso-Administrativo del Tribunal Supremo, por la que se inadmite el recurso de casación núm. 1704-2021, interpuesto contra la sentencia 14/2021, de 11 de enero'. Motivo de inadmisión: no se justificó suficientemente que las infracciones imputadas a la sentencia fueran relevantes y determinantes","Incorporar cita literal completa, con número de recurso 1704-2021","CONFIRMADO — verificación directa de archivo legible, coincide fecha exacta"
EVT-ORD-0739,CONFIRMAR,"[CASO_AJENO/JURISPRUDENCIA] Confirmado por lectura directa: 'sentencia 313/2022, de 26 de diciembre, de la Sección Undécima de la Audiencia Provincial de Alicante por la que se condenaba a don Manuel Antonio López Vera... inspector en la Policía Local de Torrevieja... autor criminalmente responsable de un delito de infidelidad en la custodia de documentos'. NOTA: el propio texto señala 'cuya firmeza no consta' en el momento de dictarse la STC","Incorporar cita literal completa, con nombre completo del condenado (Manuel Antonio López Vera) y matiz de firmeza no consolidada",CONFIRMADO — verificación directa de archivo legible
EVT-ORD-0742,CONFIRMAR,"[CASO_AJENO/JURISPRUDENCIA] Confirmado por lectura directa de STC_196-2004.txt (archivo legible, aportado por Loroño): 'La recurrente ha venido prestando servicios para Iberia como agente administrativo a través de una sucesión de contratos temporales celebrados para las temporadas 1997, 1998 y 1999... extinguida la relación laboral... alegando el no haber superado el período de prueba... tras calificación de no apto en examen médico'. Nombre completo no visible (archivo empieza en pág.8 BOE, faltan páginas 1-7 con encabezamiento) pero termina en '...Fernández', consistente con 'Eva María Gómez Fernández'. NOTA: 'Antonio Cid Menchén' aparece mezclado en el mismo fragmento por desorden de OCR en formato BOE a dos columnas — pertenece a otra sentencia distinta de la misma página, no es la recurrente de este caso",Incorporar cita literal verificada directamente,"CONFIRMADO — verificación directa de archivo original (BOE), NotebookLM había dado cita de doctrina en vez de antecedentes"
EVT-ORD-0753,CONFIRMAR,"[CASO_AJENO/JURISPRUDENCIA] Ahora sí especifica: 'denegación por manager Antonia de licencias POR BODA'. Coincide con afirmación (solicitud licencia sin sueldo boda de hermana, denegada por Antonia)",Incorporar,CONFIRMADO NbLM lote12 (2ª repregunta) — mejora respecto a 1ª pasada
EVT-ORD-0754,CONFIRMAR,[CASO_AJENO/JURISPRUDENCIA] Confirmado con cita literal distinta: 'En noviembre de 2019 solicitó vacaciones que le fueron denegadas por la manager Sra. Antonia... primeras diferencias por cambios de horarios',Incorporar,CONFIRMADO NbLM lote12 (repregunta final)
EVT-ORD-0756,CONFIRMAR,[CASO_AJENO/JURISPRUDENCIA] Confirmado con cita literal propia: 'Reunión con Sr. Jorge (manager regional) denunciando abuso de autoridad por parte de Sra. Antonia',Incorporar,CONFIRMADO NbLM lote12 (2ª repregunta) — cita individual obtenida
EVT-ORD-0757,CONFIRMAR,[CASO_AJENO/JURISPRUDENCIA] Confirmado con cita literal distinta: 'El 15/02/2023 el Sr. Jorge remitió correo a la Sra. Magdalena exponiendo que Maribel le había trasladado una queja por trato inadecuado y abuso de autoridad de la Sra. Antonia',Incorporar,CONFIRMADO NbLM lote12 (repregunta final)
EVT-ORD-0758,CONFIRMAR,[CASO_AJENO/JURISPRUDENCIA] Confirmado con cita literal exacta: 'El 08/03/2023 la Sra. Magdalena remitió correo... tengo intención de entrevistarme contigo el próximo 21/03/2023',Incorporar,CONFIRMADO NbLM lote12 (repregunta final)
EVT-ORD-0737_REFUERZO,CONFIRMAR,"[CASO_AJENO/JURISPRUDENCIA] Bloque STC 3672-2022 (0737-0739) identificado con nombre completo: Antonio Rico Bellido vs. Ayuntamiento de Torrevieja, represalia tras denuncia de irregularidades en Policía Local. Coincide con JUR0069 ya existente en el grafo (STC 28/2025, 10/02/2025, mismo recurso 3672-2022). Doctrina: valoración de conjunto, protección del informante, inexistencia de plan preconcebido, inversión carga de la prueba. NOTA DE FUENTE: Lote 39 tiene caracteres corruptos; el contenido íntegro y legible está en Lote 22","Vincular explícitamente el bloque 0737-0739 a JUR0069. Para 0738/0739 (Providencia TS, Sentencia AP Alicante López Vera): usar Lote 22 como fuente limpia, pendiente de cita literal específica","CONFIRMADO — identidad del caso reforzada, 0738/0739 siguen pendientes de cita propia"
EVT-ORD-0759,CONFIRMAR,[CASO_AJENO/JURISPRUDENCIA] Confirmado con cita literal propia: En fecha 16/03/2023 se remitió correo confirmando la reunión para el 21.03.23 a las 9:30h en oficinas Mas Blau,"Incorporar cita literal; excluir de hechos propios, conservar como jurisprudencia",CONFIRMADO NbLM lote13
EVT-ORD-0760,CONFIRMAR,[CASO_AJENO/JURISPRUDENCIA] Confirmado con cita literal propia: La actora contesta por correo de 20/03/2023 manifestando disconformidad por el cambio de turno y su intención de acudir con abogado,"Incorporar cita literal; excluir de hechos propios, conservar como jurisprudencia",CONFIRMADO NbLM lote13
EVT-ORD-0761,CONFIRMAR,"[CASO_AJENO/JURISPRUDENCIA] Confirmado con cita literal propia: El 21/03/2023 la Sra. Magdalena se entrevista con los trabajadores de turno Virginia, Urbano, Matilde y Enrique, levantando acta","Incorporar cita literal; excluir de hechos propios, conservar como jurisprudencia",CONFIRMADO NbLM lote13
EVT-ORD-0762,CONFIRMAR,[CASO_AJENO/JURISPRUDENCIA] Confirmado con cita literal propia: En fecha 31/01/2024 la empresa recibe Acta de infracción de Inspección de Trabajo por no seguir el procedimiento de acoso del convenio,"Incorporar cita literal; excluir de hechos propios, conservar como jurisprudencia",CONFIRMADO NbLM lote13
EVT-ORD-0763,CONFIRMAR,"[CASO_AJENO/JURISPRUDENCIA] Confirmado con cita literal propia: Sentencia TSJ Cataluña 19/03/2025: desestimación del recurso de suplicación de la empresa, confirmación íntegra de la sentencia de instancia","Incorporar cita literal; excluir de hechos propios, conservar como jurisprudencia",CONFIRMADO NbLM lote13
EVT-ORD-0768,CONFIRMAR,"[CASO_AJENO/JURISPRUDENCIA] Confirmado con cita literal propia: Informe del protocolo de acoso 16/08/2019: no hay acoso laboral pero sí conflicto que trasciende a alcaldía, secretaría, intervención y derechos humanos","Incorporar cita literal; excluir de hechos propios, conservar como jurisprudencia",CONFIRMADO NbLM lote13
EVT-ORD-0769,CONFIRMAR,[CASO_AJENO/JURISPRUDENCIA] Confirmado con cita literal propia: Decreto de Alcaldía 03/01/2020 disponiendo el cese de Enma en el puesto de letrada del servicio de asesoría jurídica,"Incorporar cita literal; excluir de hechos propios, conservar como jurisprudencia",CONFIRMADO NbLM lote13
EVT-ORD-0770,CONFIRMAR,[CASO_AJENO/JURISPRUDENCIA] Confirmado con cita literal propia: Sentencia JCA nº1 Bilbao estima recurso de Enma: condena al Ayuntamiento a reponerla y abonar salarios dejados de percibir,"Incorporar cita literal; excluir de hechos propios, conservar como jurisprudencia",CONFIRMADO NbLM lote13
EVT-ORD-0771,CONFIRMAR,[CASO_AJENO/JURISPRUDENCIA] Confirmado con cita literal propia: Sentencia JCA nº4 reconoce derecho de Enma al percibo de complementos CD28 y CE715. Coincide con actor 'Leonardo' ya conocido (0767/0772),"Incorporar cita literal; excluir de hechos propios, conservar como jurisprudencia",CONFIRMADO NbLM lote13
EVT-ORD-0772,CONFIRMAR,[CASO_AJENO/JURISPRUDENCIA] Confirmado con cita literal propia: Escrito de Enma y Leonardo manifestando disconformidad con nuevo organigrama que suprime de facto complementos 28 y 715,"Incorporar cita literal; excluir de hechos propios, conservar como jurisprudencia",CONFIRMADO NbLM lote13
EVT-ORD-0773,CONFIRMAR,[CASO_AJENO/JURISPRUDENCIA] Confirmado con cita literal propia: Segundo escrito de disconformidad con propuesta de organigrama y pérdida de funciones,"Incorporar cita literal; excluir de hechos propios, conservar como jurisprudencia",CONFIRMADO NbLM lote13
EVT-ORD-0774,CONFIRMAR,"[CASO_AJENO/JURISPRUDENCIA] Confirmado con cita literal propia: 30/03/2022: transformación del despacho, tabicación completa, separación física de la administrativa, aislamiento físico de Enma","Incorporar cita literal; excluir de hechos propios, conservar como jurisprudencia",CONFIRMADO NbLM lote13
EVT-ORD-0775,CONFIRMAR,[CASO_AJENO/JURISPRUDENCIA] Confirmado con cita literal propia: Decreto de Alcaldía suspende tramitación de reclamación de diferencias salariales alegando litispendencia,"Incorporar cita literal; excluir de hechos propios, conservar como jurisprudencia",CONFIRMADO NbLM lote13
EVT-ORD-0777,CONFIRMAR,[CASO_AJENO/JURISPRUDENCIA] Confirmado con cita literal propia: MUTUALIA propone alta laboral: cuadro no es enfermedad mental primaria sino consecuencia del conflicto laboral,"Incorporar cita literal; excluir de hechos propios, conservar como jurisprudencia",CONFIRMADO NbLM lote13
EVT-ORD-0778,CONFIRMAR,[CASO_AJENO/JURISPRUDENCIA] Confirmado con cita literal propia: Fin del segundo período de IT en fecha 13/11/2023,"Incorporar cita literal; excluir de hechos propios, conservar como jurisprudencia",CONFIRMADO NbLM lote13
EVT-ORD-0782,CONFIRMAR,[CASO_AJENO/JURISPRUDENCIA] Confirmado con cita literal propia: Segundo cese de Anibal por amortización. Interpone demanda por despido con vulneración de DDFF,"Incorporar cita literal; excluir de hechos propios, conservar como jurisprudencia",CONFIRMADO NbLM lote13
EVT-ORD-0787,CONFIRMAR,"[CASO_AJENO/JURISPRUDENCIA] Confirmado con cita literal propia: UPV/EHU revoca el cese, readmite al trabajador, abona salarios dejados de percibir 3 días antes del juicio. Coincide con revocación 28/01/2019 ya conocida del bloque 0781","Incorporar cita literal; excluir de hechos propios, conservar como jurisprudencia",CONFIRMADO NbLM lote13
EVT-ORD-0788,CONFIRMAR,[CASO_AJENO/JURISPRUDENCIA] Confirmado con cita literal propia: Segundo acuerdo Consejo de Gobierno: nueva amortización plaza monolingüe y creación bilingüe (reinicio tras subsanación errores). Anibal no recurre,"Incorporar cita literal; excluir de hechos propios, conservar como jurisprudencia",CONFIRMADO NbLM lote13
EVT-ORD-0789,CONFIRMAR,"[CASO_AJENO/JURISPRUDENCIA] Confirmado con cita literal propia: Segundo cese (efectos 31/08/2019) por amortización, notificado mediante escrito de 12/08/2019","Incorporar cita literal; excluir de hechos propios, conservar como jurisprudencia",CONFIRMADO NbLM lote13
EVT-ORD-0776,CONFIRMAR,"[CASO_AJENO/JURISPRUDENCIA] Aclarada la aparente inconsistencia cronológica: cita literal del Ordinal Vigésimo de los Antecedentes de Hecho: 'Los hechos suscitan la promoción de una reclamación por parte de la actora al INSS, pretendiendo la imposición de un recargo de prestaciones (6-10-2022), a propósito del periodo de baja que transcurre entre el 31-3-2022 y el 13-11-2023'. La fecha de presentación de la reclamación SÍ es 06/10/2022 (correcta); el período hasta 13/11/2023 es una descripción retrospectiva que añade el tribunal al redactar los hechos probados, una vez finalizada la IT — no una fecha conocida por Enma al presentar la reclamación",Incorporar cita literal completa del Ordinal Vigésimo,"CONFIRMADO — aclarada inconsistencia cronológica, sin contradicción real"
EVT-ORD-0793,PENDIENTE,"[CASO_AJENO] No localizado en extractos. Bloque Ceuta (8 trabajadores, contrato temporal obra/servicio), probablemente en Lote 034 no incluido | CONTEXTO HISTÓRICO VERIFICADO: en sesión anterior (v91) este caso (Delegación Gobierno Ceuta) se marcó para exclusión como 'contaminación', pero fue reincorporado en fusión v10 (Qwen) como jurisprudencia_aplicable legítima (Art.14 CE, Art.183 LRJS, discriminación salarial) — mismo tratamiento que Torrevieja/Rico. NO es contaminación a excluir, sigue siendo jurisprudencia genuina pendiente de localizar en extractos (probablemente Lote 034 ausente)",No modificar; reintentar con Lote 034 si se incorpora al cuaderno,"PENDIENTE — no localizado, lote probablemente ausente"
EVT-ORD-0794,PENDIENTE,"Ver EVT-ORD-0793 — mismo bloque, mismo archivo no localizado | CONTEXTO HISTÓRICO VERIFICADO: en sesión anterior (v91) este caso (Delegación Gobierno Ceuta) se marcó para exclusión como 'contaminación', pero fue reincorporado en fusión v10 (Qwen) como jurisprudencia_aplicable legítima (Art.14 CE, Art.183 LRJS, discriminación salarial) — mismo tratamiento que Torrevieja/Rico. NO es contaminación a excluir, sigue siendo jurisprudencia genuina pendiente de localizar en extractos (probablemente Lote 034 ausente)",No modificar,PENDIENTE — no localizado
EVT-ORD-0795,PENDIENTE,"Ver EVT-ORD-0793 — mismo bloque | CONTEXTO HISTÓRICO VERIFICADO: en sesión anterior (v91) este caso (Delegación Gobierno Ceuta) se marcó para exclusión como 'contaminación', pero fue reincorporado en fusión v10 (Qwen) como jurisprudencia_aplicable legítima (Art.14 CE, Art.183 LRJS, discriminación salarial) — mismo tratamiento que Torrevieja/Rico. NO es contaminación a excluir, sigue siendo jurisprudencia genuina pendiente de localizar en extractos (probablemente Lote 034 ausente)",No modificar,PENDIENTE — no localizado
EVT-ORD-0796,PENDIENTE,"Ver EVT-ORD-0793 — mismo bloque, STS 524/2024 | CONTEXTO HISTÓRICO VERIFICADO: en sesión anterior (v91) este caso (Delegación Gobierno Ceuta) se marcó para exclusión como 'contaminación', pero fue reincorporado en fusión v10 (Qwen) como jurisprudencia_aplicable legítima (Art.14 CE, Art.183 LRJS, discriminación salarial) — mismo tratamiento que Torrevieja/Rico. NO es contaminación a excluir, sigue siendo jurisprudencia genuina pendiente de localizar en extractos (probablemente Lote 034 ausente)",No modificar,PENDIENTE — no localizado
EVT-ORD-0798,CONFIRMAR,"[HECHO_PROPIO] Confirmado completo, incluida la parte de llamadas a casa: ya documentada dos veces en el grafo independientemente de este lote — VUL0401 (151_ocred.txt, 04/12/2020: 'el director del departamento te llame a casa estando de baja en tono amenazante') y VUL0397 (57/58_ocred.txt, 07/11/2019: 'el acosador que estando de baja me llama y me insulta'). No hacía falta verificación adicional, ya estaba sólido en el grafo",Incorporar cita de insultos de este lote; vincular con VUL0401/VUL0397 ya existentes para la parte de llamadas,"CONFIRMADO — corregido, ya estaba documentado en el grafo"
EVT-ORD-0799,CONFIRMAR,"[HECHO_PROPIO] Confirmado: autoridades informadas de grabaciones/audios, sin expedientes sancionadores. Cita: 'Explique porque no aplica el régimen sancionador a Manuel Clemente y Alberto López por los insultos y vejaciones... acreditados con testifical y audios'",Incorporar,CONFIRMADO NbLM lote14
EVT-ORD-0800,CORREGIR,"[HECHO_PROPIO] Confirmado. MATIZ CORREGIDO: 'cómplices' (cita literal del documento) y 'colaboradores necesarios' (calificación jurídica) no son contradictorios, pueden coexistir — no es un error a corregir, sino dos formas válidas de referirse al mismo hecho (una literal, otra jurídica)","Incorporar ambas: cita literal 'CÓMPLICES' + calificación jurídica 'colaboradores necesarios' como interpretación aparte, sin presentar la segunda como cita textual","CONFIRMADO — matizado, no es una contradicción real"
EVT-ORD-0801,CORREGIR-PARCIAL,"[HECHO_PROPIO] Confirmado contenido (partida presupuesto 2021 Gobierno Vasco, proyecto trianual, ENAGAS/Puerto Bilbao/Zierbena/Mehatzaldeko Behargintza) pero el documento doc-286 tiene cabecera de SEPTIEMBRE 2024 pese a que el texto habla de gestiones de 2021 — discrepancia de fecha de archivo vs contenido, autodetectada por NbLM","Verificar si es reenvío/impresión posterior de correo de 2021, o error de fecha",CONFIRMADO PARCIAL — discrepancia de fecha archivo vs contenido
EVT-ORD-0802,CONFIRMAR,"[HECHO_PROPIO] Confirmado: examen no realizado por baja, calificado suplantando su identidad desde cuenta GAUR por Aingeru Basterretxea, 'miente y falsifica documento público'. Refuerza hallazgo ya conocido de Basterretxea (0630)",Incorporar; refuerza actor GA0096,CONFIRMADO NbLM lote14 — refuerza hallazgo existente
EVT-ORD-0803,CONFIRMAR,"[HECHO_PROPIO] Confirmado con cita literal exacta, idéntica a la afirmación: algarada, 'darme unas hostias a la puerta de mi casa', bar JAQUE a 20 metros",Incorporar,CONFIRMADO NbLM lote14 — cita exacta
EVT-ORD-0804,CONFIRMAR,[HECHO_PROPIO] Confirmado: falta de expediente a Martija (actor ya conocido) por falsedades/manipulación tribunales TFG perjudicando a Joseba Berreteaga; acta oficial sustituida por actas falsas,Incorporar; refuerza actores Martija y Berreteaga ya conocidos,CONFIRMADO NbLM lote14 — refuerza hallazgos existentes
EVT-ORD-0805,CORREGIR-PARCIAL,"[HECHO_INSTITUCIÓN] Confirmado parcialmente: cita real es de un correo del 09/09/2025 del Rector Bengoetxea, no necesariamente coincide con la fecha exacta 2025-10-13 del evento",Verificar si hay más de un correo o si la fecha del evento debe ajustarse a 09/09/2025,CONFIRMADO PARCIAL — posible discrepancia de fecha
EVT-ORD-0806,CONFIRMAR,[HECHO_INSTITUCIÓN] Confirmado: notificación 07/11/2025 ampliación plazo de resolución,Incorporar,CONFIRMADO NbLM lote14
EVT-ORD-0807,CONFIRMAR,[HECHO_INSTITUCIÓN] Confirmado: documento 203304_Jakinarazpena_Notificacion.pdf,Incorporar,CONFIRMADO NbLM lote14
EVT-ORD-0808,CONFIRMAR,"[HECHO_INSTITUCIÓN] Confirmado: registro EHU2026E013556, 21/04/2026 10:24h",Incorporar,CONFIRMADO NbLM lote14
EVT-ORD-0810,CONFIRMAR,"[HECHO_INSTITUCIÓN] Confirmado: contrato SER/20230000005903, validación César Saiz y Beñat Amade. Refuerza 0731/0810 ya confirmados",Incorporar,CONFIRMADO NbLM lote14
EVT-ORD-0811,CONFIRMAR,[HALLAZGO CLAVE REFORZADO] Confirmado: metadatos acreditan creación 19/05/2025 pese a carátula 'Julio 2024'. Coincide exactamente con hallazgo ya documentado sobre manipulación de fechas del informe Gizagune,Incorporar; refuerza hallazgo clave ya documentado,CONFIRMADO NbLM lote14 — refuerza hallazgo clave
EVT-ORD-0812,CONFIRMAR,[HALLAZGO CLAVE REFORZADO] Confirmado: modificación 12/12/2025 antes de entrega en versión anonimizada. Coincide con hallazgo ya documentado,Incorporar; refuerza hallazgo clave ya documentado,CONFIRMADO NbLM lote14 — refuerza hallazgo clave
EVT-ORD-0813,CONFIRMAR,"[HECHO_PROPIO] Confirmado: Nekane García, 'Que no sabían nada. La noticia de tu baja se la he dado yo!' (23/09/2025). Nekane García YA consta en el grafo (log fusión v9→v10): fuente por Telegram sobre reasignación de docencia pre-cuatrimestre — no es actor institucional nuevo, es la fuente/testigo ya conocida del hecho de 0814","Incorporar; vincular con la fuente Telegram ya registrada, no crear actor nuevo","CONFIRMADO — corregido, Nekane García ya era fuente conocida"
EVT-ORD-0814,CONFIRMAR,[HECHO_PROPIO] Confirmado: 'Nos rematricularon antes de empezar el cuatrimestre. Una vez que hemos empezado ya no nos hemos querido cambiar' (20/02/2026),Incorporar,CONFIRMADO NbLM lote14
EVT-ORD-0898,CONFIRMAR,"Hecho base (reunión secreta 25/10/2023, bloqueo proyecto GNC) confirmado sólidamente: EVT0847, prioridad muy alta, cita literal 'se conminó a Antton a no informar sobre la celebración de esa reunión a Iñaki Loroño (esta reunión no ha existido)', corroborado por correo Arrieta 30/10/2023, Lote_020 y Acta CSSLI 16/05/2025. La CUANTIFICACIÓN económica (>160.000€) no es verificable documentalmente, requiere peritaje económico, no auditoría de fuentes","Incorporar el hecho base como confirmado; marcar la cuantificación como 'pendiente de peritaje económico', no como hecho a auditar contra documento","CONFIRMADO — hecho base sólido, cuantificación es materia pericial aparte"
EVT-ORD-0899,CONFIRMAR,"Patrón de ocultación del informe Uruburu confirmado por acumulación de evidencia ya documentada en el grafo, no por una sola cita aislada: VUL0854 ('ocultación sistemática y dolosa... más de 6 años, pese a reclamaciones ante Inspección de Trabajo, INSS, Rectora y Gerenta'), VUL0641 (SP ocultó al propio CSSLI que Uruburu había concluido el procedimiento, UGT denunció intento de 'engañar al comité'), VUL0876 (evaluación prescrita por Uruburu nunca realizada en 7+ años), EVT0493/0494/0498/0511 (peticiones formales repetidas 2026 sin respuesta). Loroño confirma directamente que la ocultación afecta tanto al EVI (2020) como a él mismo de forma continuada, con la petición más reciente en sesión CSSLI cuya acta aún no se ha recibido",Incorporar como confirmado por acumulación de evidencia del patrón sistemático; señalar que la petición en la sesión CSSLI más reciente queda pendiente de acta para reforzar aún más si se desea,"CONFIRMADO — patrón sistemático de más de 7 años, corroborado por múltiples fuentes independientes ya en el grafo"
EVT-ORD-0869,CONFIRMAR,[MIXTO: jurisprudencia UPV + hecho propio refutación] Confirmado con citas literales de ambas partes: UPV invoca Sentencia 253/2021 alegando que no se envió a la 'Unidad' correspondiente; Loroño refuta con prueba de envío simultáneo y con la Sentencia 299/2023 posterior (mismo caso) que prohíbe 'argucias o subsanaciones innecesarias'. DISCREPANCIA DE FUENTE: el archivo 'Doc e) Sentencia 253-2021.pdf' no existe como archivo independiente en los lotes actuales; el contenido está distribuido en Resoluciones del Vicerrector 2025 (Lote 18/27) y denuncia al Rector abril 2026 (Lote 33),Incorporar ambas citas; corregir referencia de fuente a los documentos donde realmente consta (Lote 18/27 y Lote 33),"CONFIRMADO NbLM lote15 — fuente distribuida en varios documentos, no archivo único"
EVT-ORD-0883,CONFIRMAR,"[HECHO_PROPIO] Confirmado: escrito 10/10/2025 solicitando medidas cautelares urgentes, menciona reuniones con Rector 12/02 y 28/02/2025 con promesa incumplida. Lista de 14 personas señaladas coincide exactamente con la afirmación (Areskurrinaga, Recart, Saiz, López, Gómez, Basterretxea, Boullosa, Pinto, Rebollar, Martija, Icaran, Urrutia, del Portillo, Clemente)",Incorporar cita literal completa; texto íntegro también en Lote 32/33,CONFIRMADO NbLM lote15
EVT-ORD-0892,CONFIRMAR,[HECHO_PROPIO] Confirmado con cita literal que identifica explícitamente a los responsables: 'Manuel Clemente y Aingeru Basterretxea en su calidad de director y secretario del departamento sometieron a votación en un consejo de departamento mi plaza de funcionario... también lo votan alumnos/as'. Refuerza actores ya conocidos GA0095 (Clemente) y GA0096 (Basterretxea),Incorporar cita literal; corregir referencia de fuente a Documento n.º 10 del Lote 13 (no 143-167_compressed_ocred.pdf),"CONFIRMADO NbLM lote15 — refuerza actores existentes, fuente corregida"
